payment_id,ride_id,amount,payment_date,status
1,1,76.42,2021-03-17,Pending
2,2,27.28,2021-01-31,Failed
3,3,72.11,2021-04-28,Completed
4,4,84.12,2021-10-25,Pending
5,5,94.56,2021-07-19,Failed
6,6,90.29,2022-08-23,Pending
7,7,69.52,2021-02-14,Completed
8,8,61.23,2021-07-23,Completed
9,9,29.71,2021-10-18,Completed
10,10,28.97,2021-08-13,Pending
11,11,11.52,2023-01-07,Completed
12,12,49.99,2021-12-14,Failed
13,13,62.69,2021-09-09,Completed
14,14,42.68,2021-07-20,Completed
15,15,85.78,2021-06-30,Pending
16,16,11.55,2023-07-22,Completed
17,17,72.19,2021-01-22,Failed
18,18,78.59,2021-05-21,Pending
19,19,31.5,2022-11-02,Completed
20,20,51.96,2021-12-13,Completed
21,21,88.63,2021-11-09,Pending
22,22,51.41,2021-09-03,Pending
23,23,26.05,2023-04-09,Pending
24,24,45.42,2022-11-08,Completed
25,25,16.46,2023-08-22,Failed
26,26,25.56,2023-09-28,Failed
27,27,84.1,2023-06-22,Pending
28,28,31.06,2023-06-19,Failed
29,29,59.54,2021-03-08,Completed
30,30,15.84,2021-05-28,Completed
31,31,19.17,2023-03-25,Completed
32,32,80.12,2021-07-16,Failed
33,33,59.02,2022-01-23,Failed
34,34,67.74,2022-01-19,Pending
35,35,70.49,2022-09-06,Pending
36,36,11.76,2023-09-28,Failed
37,37,56.73,2021-09-08,Completed
38,38,92.51,2023-02-21,Failed
39,39,56.3,2022-08-25,Completed
40,40,7.46,2023-05-25,Failed
41,41,77.5,2021-10-29,Completed
42,42,46.41,2021-12-02,Completed
43,43,86.48,2021-02-24,Failed
44,44,8.49,2023-03-26,Pending
45,45,83.37,2023-06-13,Completed
46,46,76.86,2023-05-22,Failed
47,47,16.54,2023-09-19,Failed
48,48,13.85,2023-06-27,Pending
49,49,72.01,2021-08-03,Failed
50,50,92.58,2021-03-25,Pending
51,51,30.38,2023-03-21,Failed
52,52,47.42,2022-09-22,Completed
53,53,87.61,2021-06-21,Failed
54,54,72.0,2022-02-02,Failed
55,55,96.71,2023-02-09,Failed
56,56,43.95,2022-01-19,Pending
57,57,12.63,2022-06-16,Pending
58,58,8.41,2021-07-03,Pending
59,59,97.94,2022-12-31,Pending
60,60,80.63,2022-06-23,Failed
61,61,69.77,2022-05-10,Failed
62,62,52.28,2023-09-06,Pending
63,63,5.89,2022-05-01,Pending
64,64,33.42,2022-08-19,Pending
65,65,41.23,2022-10-16,Failed
66,66,5.77,2022-10-28,Completed
67,67,25.81,2021-08-01,Completed
68,68,64.68,2023-07-06,Completed
69,69,91.41,2022-04-08,Completed
70,70,55.43,2022-02-10,Completed
71,71,49.49,2021-11-10,Pending
72,72,39.75,2023-06-30,Pending
73,73,60.53,2022-08-09,Completed
74,74,36.16,2023-08-16,Pending
75,75,66.68,2021-09-18,Failed
76,76,89.29,2021-03-28,Completed
77,77,44.82,2023-02-09,Completed
78,78,70.58,2021-10-30,Pending
79,79,90.66,2022-06-16,Pending
80,80,13.71,2021-08-24,Failed
81,81,24.49,2021-02-12,Pending
82,82,5.27,2022-06-09,Failed
83,83,17.52,2021-12-11,Pending
84,84,75.46,2022-04-07,Pending
85,85,15.36,2022-03-19,Pending
86,86,48.51,2022-01-12,Pending
87,87,11.98,2021-11-21,Pending
88,88,60.61,2022-01-27,Completed
89,89,14.42,2021-07-03,Pending
90,90,83.6,2021-08-28,Pending
91,91,40.56,2022-10-23,Completed
92,92,82.12,2022-01-03,Completed
93,93,38.59,2021-10-29,Failed
94,94,25.21,2022-06-10,Failed
95,95,59.54,2022-10-22,Completed
96,96,93.26,2023-03-16,Pending
97,97,38.35,2023-08-07,Completed
98,98,97.32,2021-04-11,Completed
99,99,34.61,2021-03-15,Pending
100,100,9.73,2021-02-09,Failed
101,101,30.95,2021-07-25,Pending
102,102,51.23,2021-07-21,Failed
103,103,94.81,2021-12-04,Pending
104,104,21.69,2021-11-06,Failed
105,105,11.85,2023-04-16,Failed
106,106,59.47,2023-05-16,Pending
107,107,48.71,2021-07-15,Failed
108,108,12.47,2022-09-11,Completed
109,109,15.83,2023-05-26,Failed
110,110,27.45,2023-01-28,Failed
111,111,95.37,2023-07-24,Pending
112,112,66.08,2021-01-09,Pending
113,113,64.98,2021-10-16,Pending
114,114,8.57,2023-03-13,Pending
115,115,48.96,2023-08-27,Pending
116,116,52.63,2023-04-22,Failed
117,117,8.72,2023-02-15,Failed
118,118,41.8,2021-01-13,Pending
119,119,58.01,2022-11-01,Failed
120,120,36.67,2023-02-19,Completed
121,121,61.53,2023-06-06,Pending
122,122,68.66,2021-08-22,Completed
123,123,34.34,2023-01-11,Failed
124,124,85.22,2021-08-03,Pending
125,125,17.45,2021-08-28,Failed
126,126,73.51,2022-08-25,Failed
127,127,76.48,2023-02-15,Pending
128,128,39.94,2023-01-10,Pending
129,129,44.77,2021-12-15,Completed
130,130,57.68,2021-11-17,Completed
131,131,91.0,2022-03-16,Failed
132,132,44.42,2022-03-04,Completed
133,133,35.28,2022-03-26,Pending
134,134,77.09,2023-05-24,Failed
135,135,57.14,2021-01-31,Pending
136,136,9.54,2021-05-23,Failed
137,137,6.56,2023-06-14,Completed
138,138,38.52,2021-11-09,Failed
139,139,95.57,2021-01-10,Pending
140,140,41.75,2023-04-10,Failed
141,141,74.63,2023-05-05,Pending
142,142,37.16,2021-12-14,Completed
143,143,8.51,2022-03-06,Pending
144,144,98.97,2022-12-04,Pending
145,145,86.9,2023-02-21,Failed
146,146,89.99,2022-07-05,Pending
147,147,30.34,2021-11-30,Failed
148,148,35.52,2021-01-24,Failed
149,149,20.83,2023-03-16,Completed
150,150,31.08,2023-08-03,Completed
151,151,95.51,2021-06-07,Pending
152,152,39.8,2022-08-05,Failed
153,153,47.17,2023-03-30,Failed
154,154,28.71,2023-07-25,Failed
155,155,16.19,2022-08-11,Pending
156,156,17.89,2022-01-26,Completed
157,157,68.44,2023-08-30,Pending
158,158,21.54,2021-03-07,Failed
159,159,7.5,2022-01-31,Completed
160,160,11.25,2022-05-02,Completed
161,161,97.38,2021-12-03,Failed
162,162,65.78,2023-09-13,Pending
163,163,33.89,2022-10-17,Pending
164,164,85.36,2021-04-06,Completed
165,165,55.68,2021-04-17,Failed
166,166,37.07,2022-07-21,Completed
167,167,30.14,2021-02-02,Failed
168,168,56.83,2022-09-10,Pending
169,169,20.02,2021-01-28,Completed
170,170,74.75,2021-07-23,Completed
171,171,27.97,2023-07-23,Pending
172,172,87.1,2021-10-18,Completed
173,173,52.34,2021-08-27,Pending
174,174,48.44,2022-11-07,Failed
175,175,88.82,2021-03-13,Pending
176,176,74.11,2021-02-28,Pending
177,177,57.56,2022-06-15,Completed
178,178,69.64,2021-06-25,Pending
179,179,76.72,2023-05-31,Pending
180,180,72.79,2022-02-05,Completed
181,181,93.48,2021-04-24,Completed
182,182,53.19,2022-07-04,Pending
183,183,39.99,2022-05-05,Failed
184,184,61.71,2021-03-12,Pending
185,185,54.8,2023-09-06,Completed
186,186,23.12,2021-05-14,Completed
187,187,78.62,2021-11-14,Pending
188,188,50.45,2023-04-18,Failed
189,189,81.35,2022-11-12,Pending
190,190,94.44,2021-06-12,Failed
191,191,38.14,2022-08-12,Pending
192,192,82.75,2022-08-25,Completed
193,193,67.32,2022-05-30,Failed
194,194,18.04,2022-12-03,Pending
195,195,27.12,2021-10-10,Completed
196,196,5.49,2021-01-08,Completed
197,197,35.51,2022-04-02,Completed
198,198,91.76,2023-04-25,Pending
199,199,88.29,2022-09-12,Completed
200,200,98.96,2022-06-23,Pending
201,201,36.41,2023-07-22,Failed
202,202,58.94,2023-06-20,Pending
203,203,13.24,2022-04-17,Pending
204,204,41.44,2022-08-13,Completed
205,205,67.1,2023-01-25,Completed
206,206,92.7,2021-10-22,Failed
207,207,50.43,2023-06-22,Pending
208,208,81.19,2021-12-22,Failed
209,209,55.18,2023-05-13,Failed
210,210,24.2,2023-03-23,Pending
211,211,73.11,2022-02-05,Failed
212,212,48.4,2023-04-24,Completed
213,213,82.56,2022-03-02,Completed
214,214,99.44,2021-07-03,Failed
215,215,97.94,2023-01-21,Pending
216,216,88.08,2022-04-14,Pending
217,217,84.31,2023-07-22,Failed
218,218,83.22,2021-07-07,Failed
219,219,8.06,2022-08-06,Completed
220,220,47.41,2022-02-07,Failed
221,221,76.67,2023-08-27,Completed
222,222,59.86,2021-09-03,Completed
223,223,31.14,2021-10-08,Failed
224,224,9.45,2022-07-05,Pending
225,225,40.76,2022-11-14,Completed
226,226,91.9,2022-12-16,Failed
227,227,24.32,2023-01-10,Completed
228,228,40.83,2023-07-20,Pending
229,229,58.09,2022-02-26,Failed
230,230,75.95,2021-05-05,Pending
231,231,57.45,2021-03-20,Completed
232,232,53.72,2022-06-01,Pending
233,233,40.22,2022-02-24,Pending
234,234,93.8,2021-06-18,Pending
235,235,84.17,2021-08-01,Failed
236,236,75.26,2021-02-15,Pending
237,237,22.48,2021-01-28,Completed
238,238,44.18,2022-10-17,Failed
239,239,10.74,2022-11-23,Failed
240,240,6.13,2022-04-18,Pending
241,241,81.59,2021-12-18,Failed
242,242,28.98,2022-02-13,Completed
243,243,28.1,2022-02-11,Completed
244,244,13.88,2021-01-11,Pending
245,245,12.86,2021-04-28,Failed
246,246,90.62,2023-07-29,Completed
247,247,58.53,2021-12-01,Failed
248,248,93.24,2023-02-06,Pending
249,249,36.51,2022-05-12,Pending
250,250,84.67,2021-03-11,Completed
251,251,30.97,2022-07-16,Failed
252,252,69.57,2021-09-06,Failed
253,253,19.65,2023-08-31,Pending
254,254,39.19,2021-05-24,Pending
255,255,53.68,2023-04-21,Pending
256,256,87.05,2023-05-12,Completed
257,257,90.99,2021-06-24,Completed
258,258,33.61,2022-09-14,Completed
259,259,79.35,2021-07-01,Pending
260,260,48.5,2021-05-08,Failed
261,261,46.82,2023-01-30,Pending
262,262,34.85,2021-06-22,Completed
263,263,35.96,2022-11-19,Completed
264,264,69.76,2022-11-25,Pending
265,265,83.97,2021-06-07,Pending
266,266,67.57,2022-01-02,Completed
267,267,53.13,2021-08-10,Failed
268,268,91.87,2021-02-05,Failed
269,269,58.51,2022-06-30,Completed
270,270,75.95,2022-03-29,Failed
271,271,78.37,2021-02-18,Failed
272,272,92.45,2023-04-11,Failed
273,273,54.51,2022-10-19,Failed
274,274,33.53,2023-01-04,Failed
275,275,54.02,2023-07-08,Completed
276,276,64.83,2022-02-04,Failed
277,277,45.81,2021-11-12,Pending
278,278,80.95,2021-02-23,Failed
279,279,86.95,2021-01-05,Completed
280,280,38.44,2023-03-02,Pending
281,281,61.07,2023-02-25,Completed
282,282,53.53,2023-08-10,Completed
283,283,56.05,2022-01-19,Completed
284,284,63.84,2021-07-24,Completed
285,285,67.04,2021-01-17,Pending
286,286,7.93,2021-01-29,Completed
287,287,58.74,2021-12-12,Completed
288,288,83.21,2022-11-28,Failed
289,289,14.73,2021-03-06,Completed
290,290,78.69,2023-09-09,Completed
291,291,45.68,2023-03-28,Failed
292,292,61.7,2021-06-21,Failed
293,293,98.62,2021-06-21,Completed
294,294,28.72,2022-03-02,Failed
295,295,64.64,2021-04-21,Pending
296,296,71.0,2021-11-27,Failed
297,297,65.31,2022-10-04,Completed
298,298,52.0,2022-10-02,Completed
299,299,79.89,2023-08-15,Failed
300,300,46.92,2022-02-09,Pending
301,301,88.07,2021-05-04,Completed
302,302,20.72,2021-08-07,Completed
303,303,71.85,2022-01-01,Pending
304,304,5.88,2021-06-27,Completed
305,305,13.49,2022-02-16,Failed
306,306,65.95,2021-11-20,Completed
307,307,38.36,2022-02-03,Completed
308,308,18.3,2022-04-15,Completed
309,309,28.54,2021-03-09,Failed
310,310,85.55,2023-04-15,Pending
311,311,66.39,2022-10-28,Failed
312,312,55.19,2022-01-13,Completed
313,313,56.9,2021-03-10,Completed
314,314,8.78,2022-02-25,Pending
315,315,45.24,2023-02-25,Failed
316,316,34.44,2022-05-27,Completed
317,317,69.7,2022-12-31,Failed
318,318,13.19,2023-03-22,Failed
319,319,75.36,2021-06-25,Pending
320,320,54.69,2023-09-10,Completed
321,321,78.29,2022-09-07,Pending
322,322,64.62,2022-10-09,Failed
323,323,19.94,2022-02-02,Failed
324,324,9.18,2023-08-05,Failed
325,325,57.52,2021-05-17,Pending
326,326,83.47,2021-06-29,Failed
327,327,81.41,2023-02-19,Failed
328,328,57.54,2021-11-22,Failed
329,329,28.05,2022-05-09,Completed
330,330,77.25,2021-12-10,Completed
331,331,84.76,2022-09-16,Failed
332,332,14.88,2022-04-05,Pending
333,333,13.84,2022-06-08,Failed
334,334,14.08,2023-01-30,Completed
335,335,27.49,2022-05-31,Failed
336,336,27.19,2022-12-23,Completed
337,337,34.83,2021-08-27,Completed
338,338,85.99,2022-09-24,Completed
339,339,84.41,2021-11-13,Completed
340,340,9.65,2023-01-26,Pending
341,341,28.74,2023-02-15,Completed
342,342,83.25,2022-09-27,Completed
343,343,23.79,2021-03-03,Completed
344,344,92.79,2022-01-19,Pending
345,345,25.4,2021-10-31,Completed
346,346,28.35,2021-06-05,Pending
347,347,18.04,2021-07-29,Failed
348,348,50.57,2021-02-08,Completed
349,349,35.29,2023-08-04,Failed
350,350,99.96,2022-09-05,Pending
351,351,77.58,2023-01-27,Pending
352,352,81.59,2021-05-18,Pending
353,353,58.5,2021-11-22,Failed
354,354,27.1,2023-03-17,Completed
355,355,37.37,2022-06-18,Pending
356,356,78.56,2022-10-26,Pending
357,357,14.6,2023-02-08,Completed
358,358,96.26,2021-08-23,Failed
359,359,26.21,2021-12-06,Pending
360,360,74.24,2021-09-06,Completed
361,361,25.99,2022-07-07,Completed
362,362,98.33,2023-07-18,Failed
363,363,30.2,2021-09-12,Failed
364,364,46.63,2022-12-14,Failed
365,365,83.74,2021-08-16,Failed
366,366,35.28,2023-06-13,Pending
367,367,94.47,2022-06-18,Pending
368,368,20.67,2021-07-07,Pending
369,369,73.59,2022-10-07,Completed
370,370,59.32,2021-03-08,Pending
371,371,64.38,2021-03-13,Completed
372,372,49.99,2021-02-23,Failed
373,373,65.98,2021-05-25,Completed
374,374,46.78,2021-05-09,Completed
375,375,13.14,2021-06-27,Failed
376,376,82.75,2022-07-17,Completed
377,377,12.5,2021-08-30,Failed
378,378,95.18,2021-03-22,Pending
379,379,98.89,2023-01-13,Pending
380,380,13.27,2021-11-15,Completed
381,381,79.72,2023-01-09,Completed
382,382,60.85,2021-09-08,Pending
383,383,88.61,2021-06-30,Failed
384,384,21.36,2021-09-12,Pending
385,385,89.51,2021-10-20,Failed
386,386,6.92,2022-04-05,Failed
387,387,17.77,2021-07-26,Pending
388,388,46.96,2023-06-03,Pending
389,389,72.41,2021-03-23,Pending
390,390,84.51,2022-02-12,Pending
391,391,83.23,2021-06-21,Pending
392,392,61.43,2022-03-28,Pending
393,393,76.15,2022-06-02,Failed
394,394,86.43,2023-01-23,Pending
395,395,50.04,2023-02-18,Completed
396,396,72.71,2023-04-20,Pending
397,397,69.33,2021-01-21,Pending
398,398,58.34,2022-03-14,Completed
399,399,98.89,2023-02-17,Pending
400,400,19.24,2022-09-02,Failed
401,401,67.26,2021-06-06,Failed
402,402,82.52,2023-01-15,Completed
403,403,39.06,2021-09-21,Pending
404,404,75.39,2022-04-20,Pending
405,405,75.7,2022-04-10,Pending
406,406,49.7,2022-01-20,Failed
407,407,87.41,2022-09-13,Pending
408,408,37.55,2021-03-15,Pending
409,409,64.95,2021-05-20,Failed
410,410,59.75,2022-04-26,Completed
411,411,45.76,2021-06-08,Completed
412,412,89.74,2021-01-05,Completed
413,413,70.88,2023-06-02,Failed
414,414,11.2,2023-01-18,Failed
415,415,46.2,2022-01-19,Pending
416,416,6.82,2022-02-19,Pending
417,417,39.83,2023-08-21,Pending
418,418,99.49,2023-09-21,Failed
419,419,56.99,2022-01-18,Pending
420,420,67.86,2022-05-17,Pending
421,421,53.6,2022-10-19,Failed
422,422,78.91,2021-03-14,Pending
423,423,52.15,2023-06-26,Completed
424,424,84.35,2023-08-02,Completed
425,425,90.95,2022-01-30,Failed
426,426,88.04,2021-06-16,Completed
427,427,5.92,2023-02-21,Pending
428,428,40.4,2023-09-08,Pending
429,429,70.54,2023-03-01,Failed
430,430,98.25,2021-12-23,Failed
431,431,22.22,2022-12-28,Pending
432,432,50.89,2022-10-13,Failed
433,433,6.17,2022-01-13,Failed
434,434,54.31,2021-03-01,Failed
435,435,69.25,2022-01-30,Pending
436,436,53.03,2023-01-24,Completed
437,437,97.16,2021-09-06,Pending
438,438,12.49,2021-02-05,Pending
439,439,75.8,2022-10-09,Failed
440,440,80.22,2022-11-24,Completed
441,441,39.52,2022-12-16,Failed
442,442,73.08,2022-10-23,Completed
443,443,38.74,2021-09-25,Failed
444,444,51.78,2022-04-12,Failed
445,445,25.48,2021-05-31,Pending
446,446,16.71,2021-09-11,Failed
447,447,74.94,2022-08-16,Failed
448,448,21.5,2023-05-12,Completed
449,449,44.77,2021-01-13,Completed
450,450,18.13,2023-03-01,Completed
451,451,65.1,2022-10-22,Failed
452,452,98.23,2023-07-28,Pending
453,453,58.42,2022-02-12,Failed
454,454,32.16,2022-08-24,Completed
455,455,10.38,2022-06-15,Completed
456,456,24.38,2023-06-17,Pending
457,457,87.16,2021-06-19,Pending
458,458,93.02,2021-09-16,Failed
459,459,24.29,2021-11-06,Failed
460,460,56.93,2023-09-18,Failed
461,461,22.76,2022-11-06,Pending
462,462,17.36,2022-08-24,Pending
463,463,93.22,2023-01-22,Pending
464,464,57.27,2023-02-10,Failed
465,465,20.14,2023-06-10,Completed
466,466,36.45,2021-04-22,Failed
467,467,68.55,2022-08-10,Pending
468,468,41.23,2023-04-14,Completed
469,469,83.1,2021-10-03,Failed
470,470,23.29,2021-08-03,Failed
471,471,11.22,2022-02-12,Failed
472,472,66.42,2021-11-12,Completed
473,473,10.16,2021-06-22,Pending
474,474,47.86,2021-01-02,Completed
475,475,65.94,2021-03-13,Failed
476,476,15.08,2022-03-04,Failed
477,477,83.1,2022-03-03,Failed
478,478,33.02,2021-10-23,Failed
479,479,18.43,2022-03-18,Completed
480,480,24.96,2021-06-30,Pending
481,481,63.6,2021-07-10,Failed
482,482,85.88,2021-05-18,Completed
483,483,14.33,2022-05-14,Completed
484,484,32.09,2022-05-30,Completed
485,485,70.88,2022-04-07,Failed
486,486,34.76,2023-04-14,Completed
487,487,48.97,2021-07-10,Completed
488,488,84.97,2021-03-02,Failed
489,489,89.75,2021-07-07,Completed
490,490,57.4,2021-09-23,Pending
491,491,89.69,2022-03-28,Failed
492,492,52.71,2023-07-24,Failed
493,493,22.02,2021-04-22,Failed
494,494,77.34,2021-06-20,Completed
495,495,91.23,2021-10-28,Completed
496,496,71.85,2022-01-22,Completed
497,497,67.1,2021-10-11,Completed
498,498,54.06,2021-12-17,Completed
499,499,46.79,2022-08-23,Completed
500,500,39.41,2022-05-05,Pending
501,501,50.51,2022-11-20,Completed
502,502,61.27,2021-01-10,Completed
503,503,54.08,2021-09-30,Completed
504,504,83.02,2022-11-13,Failed
505,505,83.88,2023-03-20,Completed
506,506,20.93,2021-04-10,Completed
507,507,15.31,2022-06-19,Completed
508,508,21.86,2022-01-20,Failed
509,509,67.64,2022-06-17,Pending
510,510,40.19,2023-08-13,Pending
511,511,81.44,2022-04-30,Pending
512,512,31.91,2022-09-11,Pending
513,513,59.91,2021-12-11,Pending
514,514,43.84,2022-11-30,Pending
515,515,45.24,2021-11-19,Completed
516,516,79.46,2023-08-22,Pending
517,517,37.71,2022-11-13,Pending
518,518,14.53,2022-01-23,Failed
519,519,20.27,2021-02-28,Pending
520,520,26.07,2023-06-14,Pending
521,521,54.5,2023-04-06,Completed
522,522,93.42,2021-01-04,Pending
523,523,63.44,2023-06-11,Failed
524,524,79.07,2022-02-16,Failed
525,525,92.32,2023-05-06,Completed
526,526,26.5,2021-01-27,Failed
527,527,15.11,2021-05-06,Failed
528,528,82.25,2021-10-14,Failed
529,529,76.96,2023-02-09,Completed
530,530,65.2,2022-01-13,Pending
531,531,28.58,2022-09-26,Failed
532,532,50.27,2022-11-06,Pending
533,533,52.4,2022-06-12,Pending
534,534,84.45,2022-11-08,Completed
535,535,5.63,2021-01-04,Failed
536,536,87.53,2023-09-08,Pending
537,537,54.94,2021-01-18,Failed
538,538,48.43,2022-01-04,Completed
539,539,41.05,2023-09-20,Failed
540,540,30.59,2021-11-30,Failed
541,541,39.68,2022-03-31,Completed
542,542,82.35,2022-09-14,Pending
543,543,49.93,2022-02-14,Failed
544,544,73.45,2022-09-20,Completed
545,545,10.7,2021-12-23,Pending
546,546,39.23,2023-08-20,Pending
547,547,23.9,2022-11-06,Failed
548,548,51.31,2023-07-16,Completed
549,549,65.86,2023-01-22,Pending
550,550,37.64,2021-10-28,Failed
551,551,30.77,2021-07-19,Failed
552,552,22.47,2021-05-27,Failed
553,553,25.0,2023-06-17,Failed
554,554,54.78,2023-03-15,Failed
555,555,34.39,2022-06-01,Completed
556,556,7.71,2021-05-11,Pending
557,557,17.84,2023-03-27,Completed
558,558,46.32,2021-11-05,Failed
559,559,39.75,2022-07-16,Pending
560,560,49.57,2021-06-22,Pending
561,561,61.72,2023-09-05,Completed
562,562,28.74,2022-05-09,Failed
563,563,77.63,2022-07-08,Completed
564,564,86.08,2021-09-07,Completed
565,565,71.54,2021-06-24,Failed
566,566,97.37,2022-12-18,Completed
567,567,19.31,2021-04-19,Pending
568,568,71.21,2023-01-03,Completed
569,569,11.78,2021-06-14,Pending
570,570,41.56,2023-07-14,Pending
571,571,54.51,2023-02-24,Pending
572,572,74.18,2021-08-14,Failed
573,573,89.31,2021-09-21,Failed
574,574,60.55,2022-05-03,Failed
575,575,19.72,2021-05-07,Failed
576,576,10.7,2021-05-20,Failed
577,577,98.26,2022-10-11,Failed
578,578,28.82,2022-05-19,Completed
579,579,23.03,2023-03-26,Failed
580,580,91.88,2021-12-07,Completed
581,581,56.45,2023-08-13,Failed
582,582,63.87,2023-02-24,Failed
583,583,23.04,2021-03-08,Failed
584,584,15.49,2021-12-18,Pending
585,585,51.11,2023-07-22,Failed
586,586,71.62,2023-01-31,Failed
587,587,67.3,2023-01-13,Pending
588,588,83.09,2022-11-01,Failed
589,589,12.4,2023-03-15,Failed
590,590,23.35,2023-09-17,Pending
591,591,77.8,2023-04-08,Completed
592,592,20.85,2021-08-17,Pending
593,593,47.09,2021-04-29,Pending
594,594,62.8,2021-03-31,Completed
595,595,96.36,2021-04-02,Pending
596,596,17.83,2023-01-29,Failed
597,597,92.32,2023-08-18,Completed
598,598,19.83,2023-02-02,Completed
599,599,42.98,2022-08-10,Pending
600,600,82.85,2021-05-11,Pending
601,601,79.11,2023-09-04,Pending
602,602,85.7,2022-08-14,Failed
603,603,19.21,2021-01-02,Pending
604,604,59.65,2021-03-05,Failed
605,605,50.21,2022-07-03,Completed
606,606,77.39,2023-05-18,Pending
607,607,63.52,2022-03-10,Pending
608,608,13.51,2023-03-01,Pending
609,609,7.3,2023-03-28,Failed
610,610,92.8,2023-08-15,Completed
611,611,15.68,2022-06-17,Failed
612,612,33.99,2022-09-09,Failed
613,613,54.71,2021-08-16,Completed
614,614,6.75,2022-02-09,Completed
615,615,30.77,2022-07-06,Pending
616,616,39.22,2021-11-20,Completed
617,617,90.87,2023-04-16,Pending
618,618,93.0,2023-05-08,Completed
619,619,6.75,2022-05-27,Failed
620,620,64.45,2022-04-12,Completed
621,621,67.41,2022-09-08,Pending
622,622,44.65,2021-05-30,Failed
623,623,24.64,2022-11-13,Failed
624,624,91.41,2021-02-05,Failed
625,625,95.12,2021-11-24,Pending
626,626,96.31,2022-05-30,Failed
627,627,15.14,2021-05-07,Pending
628,628,61.65,2023-05-19,Failed
629,629,85.38,2022-08-11,Pending
630,630,26.5,2022-10-09,Completed
631,631,11.28,2022-05-22,Pending
632,632,45.62,2022-12-23,Pending
633,633,61.41,2021-03-02,Pending
634,634,54.28,2021-06-06,Failed
635,635,32.66,2021-08-04,Failed
636,636,70.55,2023-08-15,Completed
637,637,78.98,2022-12-19,Failed
638,638,61.08,2021-02-23,Completed
639,639,73.25,2023-05-28,Pending
640,640,72.19,2023-01-15,Pending
641,641,91.66,2021-11-03,Failed
642,642,34.27,2023-07-24,Completed
643,643,64.14,2021-01-23,Failed
644,644,27.6,2022-02-06,Pending
645,645,28.25,2022-03-09,Failed
646,646,19.08,2022-04-30,Pending
647,647,92.44,2023-02-15,Pending
648,648,70.69,2022-02-05,Completed
649,649,13.85,2022-06-25,Failed
650,650,11.17,2021-10-17,Pending
651,651,24.94,2022-12-15,Completed
652,652,50.95,2022-12-19,Failed
653,653,38.62,2022-02-08,Completed
654,654,81.76,2021-05-15,Pending
655,655,64.42,2023-02-10,Failed
656,656,81.57,2023-06-06,Completed
657,657,34.24,2023-05-21,Failed
658,658,42.62,2021-11-08,Pending
659,659,92.04,2022-11-02,Completed
660,660,48.93,2022-08-15,Completed
661,661,55.91,2022-03-29,Failed
662,662,37.22,2022-05-10,Pending
663,663,87.14,2023-07-08,Completed
664,664,40.3,2021-08-03,Completed
665,665,78.89,2023-04-04,Failed
666,666,37.31,2021-07-20,Failed
667,667,69.29,2022-10-29,Completed
668,668,16.0,2022-01-06,Failed
669,669,14.79,2023-05-27,Failed
670,670,23.29,2021-04-15,Failed
671,671,19.96,2023-03-16,Completed
672,672,57.19,2022-01-21,Pending
673,673,63.26,2022-11-27,Completed
674,674,15.06,2023-08-07,Completed
675,675,64.8,2021-04-09,Pending
676,676,81.88,2023-09-25,Pending
677,677,48.28,2021-07-03,Completed
678,678,42.25,2021-05-01,Failed
679,679,50.47,2022-10-28,Pending
680,680,82.67,2022-08-31,Pending
681,681,43.08,2023-09-21,Completed
682,682,37.37,2022-10-05,Failed
683,683,67.95,2022-02-18,Completed
684,684,14.28,2021-02-04,Completed
685,685,78.28,2021-09-04,Pending
686,686,89.29,2022-05-16,Pending
687,687,59.9,2022-12-06,Failed
688,688,73.19,2023-09-05,Completed
689,689,85.99,2022-10-31,Failed
690,690,15.42,2022-01-20,Failed
691,691,72.62,2023-03-26,Failed
692,692,22.88,2022-11-06,Completed
693,693,6.1,2023-03-08,Pending
694,694,66.01,2023-06-05,Failed
695,695,45.29,2022-01-27,Pending
696,696,52.32,2022-10-10,Failed
697,697,58.97,2022-04-01,Pending
698,698,98.44,2021-01-12,Completed
699,699,49.88,2021-04-30,Completed
700,700,49.54,2021-05-05,Pending
701,701,32.47,2022-10-19,Failed
702,702,64.78,2023-07-20,Failed
703,703,32.25,2021-08-19,Completed
704,704,31.15,2022-08-24,Failed
705,705,67.62,2022-08-10,Pending
706,706,86.89,2021-10-08,Failed
707,707,78.18,2023-02-03,Completed
708,708,10.16,2023-03-25,Failed
709,709,75.88,2021-07-05,Pending
710,710,55.39,2022-05-11,Failed
711,711,14.25,2022-12-21,Pending
712,712,30.37,2021-11-02,Failed
713,713,74.76,2021-05-09,Completed
714,714,6.0,2021-11-30,Completed
715,715,38.39,2023-01-01,Failed
716,716,67.38,2021-07-09,Pending
717,717,17.34,2023-04-13,Failed
718,718,93.94,2021-01-21,Pending
719,719,79.17,2022-07-24,Failed
720,720,21.9,2023-03-14,Failed
721,721,18.67,2022-05-16,Completed
722,722,14.81,2022-06-16,Failed
723,723,19.14,2022-07-06,Failed
724,724,59.59,2023-04-19,Failed
725,725,56.31,2021-05-08,Completed
726,726,36.68,2023-09-16,Failed
727,727,12.64,2023-07-09,Completed
728,728,23.15,2021-07-05,Failed
729,729,46.61,2022-12-13,Completed
730,730,41.93,2021-01-06,Failed
731,731,10.33,2022-04-03,Pending
732,732,19.15,2021-05-06,Completed
733,733,49.77,2021-05-12,Failed
734,734,9.75,2021-07-31,Failed
735,735,15.85,2021-06-15,Completed
736,736,35.8,2022-07-30,Pending
737,737,36.87,2023-05-22,Completed
738,738,20.68,2021-03-28,Completed
739,739,78.88,2022-06-03,Pending
740,740,61.4,2022-01-08,Failed
741,741,65.78,2021-06-25,Pending
742,742,22.1,2023-09-28,Failed
743,743,27.39,2021-01-01,Completed
744,744,49.1,2021-11-04,Completed
745,745,52.26,2023-08-27,Failed
746,746,36.76,2023-07-16,Pending
747,747,79.62,2022-11-06,Failed
748,748,35.97,2022-04-01,Completed
749,749,75.09,2022-08-14,Pending
750,750,18.77,2022-12-13,Pending
751,751,65.04,2022-06-20,Pending
752,752,17.97,2022-09-13,Failed
753,753,62.35,2022-06-07,Completed
754,754,51.48,2022-12-06,Completed
755,755,28.54,2022-11-10,Completed
756,756,44.69,2021-08-31,Completed
757,757,42.46,2021-07-12,Completed
758,758,95.24,2021-11-03,Completed
759,759,33.96,2023-09-08,Completed
760,760,88.05,2022-09-09,Failed
761,761,11.72,2021-08-10,Failed
762,762,56.53,2022-01-03,Pending
763,763,89.36,2021-05-12,Failed
764,764,66.58,2022-09-30,Pending
765,765,15.79,2021-03-18,Failed
766,766,90.3,2021-09-19,Pending
767,767,52.64,2022-01-26,Failed
768,768,47.94,2023-07-15,Completed
769,769,32.4,2022-02-14,Pending
770,770,88.12,2021-03-27,Pending
771,771,44.91,2022-11-24,Pending
772,772,66.24,2023-08-21,Failed
773,773,68.26,2021-05-27,Failed
774,774,21.32,2021-07-28,Completed
775,775,32.02,2022-10-07,Failed
776,776,80.47,2021-10-03,Failed
777,777,40.12,2022-12-15,Failed
778,778,47.6,2021-07-17,Failed
779,779,95.04,2022-01-17,Failed
780,780,72.02,2022-11-05,Failed
781,781,37.18,2023-04-21,Failed
782,782,43.15,2022-09-12,Completed
783,783,60.43,2022-03-06,Completed
784,784,95.97,2021-11-20,Pending
785,785,91.3,2022-01-24,Completed
786,786,32.04,2023-09-15,Failed
787,787,75.45,2021-09-11,Completed
788,788,18.26,2021-10-04,Completed
789,789,98.73,2022-06-29,Completed
790,790,44.38,2022-12-02,Failed
791,791,84.07,2022-02-21,Completed
792,792,58.13,2021-12-04,Failed
793,793,49.89,2021-04-02,Pending
794,794,77.65,2023-07-21,Pending
795,795,87.49,2023-03-08,Pending
796,796,20.47,2021-05-30,Completed
797,797,30.9,2021-10-08,Completed
798,798,53.82,2021-04-11,Pending
799,799,83.55,2023-09-20,Completed
800,800,38.4,2022-01-23,Completed
801,801,92.49,2023-03-13,Completed
802,802,63.28,2021-06-29,Failed
803,803,92.02,2023-01-16,Pending
804,804,82.62,2022-08-26,Pending
805,805,26.12,2021-04-08,Failed
806,806,12.38,2021-12-24,Failed
807,807,10.63,2022-08-09,Pending
808,808,79.33,2022-07-19,Pending
809,809,18.83,2022-09-15,Completed
810,810,27.97,2023-07-08,Completed
811,811,96.61,2021-06-24,Pending
812,812,85.87,2023-08-28,Pending
813,813,84.3,2021-07-05,Pending
814,814,16.74,2023-04-06,Failed
815,815,73.6,2022-11-26,Failed
816,816,70.27,2022-07-19,Failed
817,817,90.0,2023-06-23,Pending
818,818,46.62,2022-05-04,Failed
819,819,11.15,2021-05-11,Pending
820,820,73.89,2021-01-10,Failed
821,821,50.2,2022-06-10,Failed
822,822,28.82,2021-06-09,Failed
823,823,52.32,2021-05-10,Completed
824,824,64.21,2022-01-23,Failed
825,825,52.96,2023-01-24,Pending
826,826,41.44,2021-02-24,Failed
827,827,86.73,2022-10-17,Pending
828,828,77.58,2022-12-26,Completed
829,829,58.41,2022-11-26,Failed
830,830,69.27,2022-03-05,Failed
831,831,38.14,2022-04-14,Completed
832,832,44.13,2022-03-26,Pending
833,833,87.55,2023-03-29,Pending
834,834,87.02,2022-05-30,Pending
835,835,98.65,2021-10-10,Pending
836,836,36.92,2022-06-18,Failed
837,837,65.37,2023-06-22,Completed
838,838,81.44,2021-11-09,Failed
839,839,58.81,2023-05-29,Completed
840,840,52.94,2023-08-29,Pending
841,841,64.37,2022-02-21,Pending
842,842,59.8,2023-05-16,Completed
843,843,93.79,2022-10-12,Completed
844,844,85.19,2021-03-20,Failed
845,845,66.37,2021-09-03,Completed
846,846,28.33,2021-06-19,Failed
847,847,24.19,2021-02-28,Completed
848,848,85.99,2023-02-01,Pending
849,849,90.55,2022-07-22,Pending
850,850,27.42,2023-04-08,Completed
851,851,28.92,2023-09-13,Pending
852,852,75.04,2022-11-25,Failed
853,853,43.8,2023-08-13,Failed
854,854,45.26,2021-05-20,Pending
855,855,7.0,2022-05-25,Failed
856,856,57.51,2022-12-03,Failed
857,857,41.9,2023-06-29,Failed
858,858,92.01,2022-12-16,Completed
859,859,93.02,2022-02-20,Completed
860,860,44.98,2022-09-24,Completed
861,861,22.46,2023-07-22,Failed
862,862,12.81,2021-01-08,Failed
863,863,85.46,2022-03-12,Failed
864,864,83.54,2022-07-02,Failed
865,865,94.75,2021-12-20,Completed
866,866,91.15,2023-01-27,Failed
867,867,62.04,2023-09-01,Failed
868,868,46.34,2022-12-02,Failed
869,869,32.36,2021-02-13,Failed
870,870,74.04,2022-04-05,Completed
871,871,63.68,2022-11-22,Failed
872,872,17.65,2023-07-15,Completed
873,873,29.34,2021-06-29,Completed
874,874,99.69,2022-01-11,Completed
875,875,68.77,2022-06-11,Pending
876,876,93.38,2023-09-03,Completed
877,877,16.1,2022-03-09,Pending
878,878,63.23,2022-01-24,Completed
879,879,57.79,2022-01-18,Completed
880,880,29.72,2021-12-13,Failed
881,881,51.09,2021-09-13,Failed
882,882,22.16,2023-05-22,Completed
883,883,54.97,2021-10-25,Pending
884,884,89.3,2022-05-10,Pending
885,885,84.51,2021-09-29,Completed
886,886,95.74,2021-01-03,Failed
887,887,17.29,2022-10-09,Failed
888,888,13.79,2022-02-08,Completed
889,889,20.48,2023-08-04,Pending
890,890,81.1,2023-08-10,Failed
891,891,51.51,2022-06-12,Completed
892,892,82.04,2023-08-16,Pending
893,893,97.46,2023-07-03,Failed
894,894,49.48,2023-05-19,Pending
895,895,54.69,2021-02-28,Pending
896,896,53.51,2021-01-07,Failed
897,897,60.63,2022-04-17,Pending
898,898,85.08,2021-11-02,Pending
899,899,76.95,2021-04-20,Completed
900,900,29.64,2021-12-25,Failed
901,901,67.3,2021-07-10,Pending
902,902,82.25,2021-12-30,Completed
903,903,13.33,2021-04-14,Pending
904,904,24.88,2022-05-19,Completed
905,905,19.08,2021-03-28,Failed
906,906,49.79,2022-06-11,Completed
907,907,5.75,2022-02-25,Completed
908,908,8.52,2023-07-25,Pending
909,909,27.03,2021-01-08,Completed
910,910,89.82,2023-02-27,Failed
911,911,71.26,2021-09-14,Completed
912,912,53.23,2022-04-27,Pending
913,913,73.68,2022-01-19,Pending
914,914,64.08,2022-01-09,Pending
915,915,51.76,2023-07-03,Completed
916,916,88.69,2022-07-04,Pending
917,917,15.83,2021-04-22,Pending
918,918,78.09,2022-11-04,Pending
919,919,93.03,2021-06-15,Completed
920,920,8.99,2021-12-29,Failed
921,921,72.28,2022-03-21,Completed
922,922,16.68,2022-01-03,Failed
923,923,37.43,2021-07-23,Completed
924,924,68.17,2021-07-14,Pending
925,925,90.32,2021-02-11,Completed
926,926,94.65,2022-02-09,Pending
927,927,77.12,2023-02-01,Pending
928,928,97.4,2023-07-12,Completed
929,929,91.38,2021-06-14,Failed
930,930,24.49,2021-07-23,Pending
931,931,43.43,2023-09-10,Failed
932,932,54.44,2021-09-30,Completed
933,933,76.92,2022-03-08,Pending
934,934,74.02,2022-07-18,Pending
935,935,16.76,2023-03-31,Failed
936,936,81.51,2023-01-02,Completed
937,937,33.42,2021-11-29,Pending
938,938,54.06,2022-05-29,Failed
939,939,12.78,2023-08-04,Failed
940,940,43.26,2023-05-14,Pending
941,941,70.46,2021-05-15,Completed
942,942,17.29,2023-09-08,Completed
943,943,94.69,2023-03-23,Completed
944,944,8.83,2021-05-10,Completed
945,945,80.16,2021-12-19,Failed
946,946,82.82,2021-01-14,Failed
947,947,59.44,2021-08-31,Completed
948,948,17.62,2022-11-26,Pending
949,949,87.3,2022-03-16,Failed
950,950,37.2,2023-01-26,Completed
951,951,59.34,2022-03-21,Pending
952,952,56.47,2021-10-24,Pending
953,953,16.43,2022-05-13,Completed
954,954,47.2,2023-02-19,Pending
955,955,37.3,2021-09-11,Failed
956,956,98.08,2021-06-06,Failed
957,957,95.46,2022-06-08,Completed
958,958,42.04,2021-09-13,Pending
959,959,27.76,2023-02-25,Completed
960,960,30.58,2023-06-04,Pending
961,961,27.21,2022-12-19,Completed
962,962,66.9,2022-11-14,Pending
963,963,79.37,2021-07-23,Pending
964,964,47.92,2022-12-25,Completed
965,965,93.68,2022-12-19,Failed
966,966,25.21,2022-05-30,Failed
967,967,13.52,2021-07-05,Completed
968,968,52.96,2023-05-26,Failed
969,969,67.92,2022-10-07,Failed
970,970,66.41,2021-06-02,Completed
971,971,90.05,2021-05-04,Completed
972,972,89.79,2022-02-15,Completed
973,973,16.85,2021-10-08,Completed
974,974,69.65,2023-08-10,Completed
975,975,98.11,2022-03-13,Completed
976,976,23.63,2022-09-24,Completed
977,977,67.68,2021-04-04,Completed
978,978,17.11,2022-01-25,Pending
979,979,63.37,2022-06-22,Pending
980,980,46.09,2022-12-18,Failed
981,981,77.11,2021-08-25,Completed
982,982,23.49,2021-12-11,Pending
983,983,23.7,2022-05-06,Completed
984,984,81.77,2022-06-07,Pending
985,985,83.06,2022-10-22,Completed
986,986,64.41,2021-11-08,Completed
987,987,79.35,2021-10-03,Pending
988,988,69.37,2021-10-15,Pending
989,989,27.15,2022-12-30,Pending
990,990,63.83,2021-09-10,Pending
991,991,6.17,2023-07-06,Completed
992,992,45.0,2021-07-06,Completed
993,993,34.61,2021-01-01,Completed
994,994,78.67,2022-11-08,Failed
995,995,60.71,2021-11-26,Completed
996,996,23.56,2021-10-20,Pending
997,997,61.98,2021-10-14,Failed
998,998,14.96,2021-04-14,Pending
999,999,64.27,2021-07-09,Pending
1000,1000,43.03,2023-08-30,Pending
