ride_id,rider_id,driver_id,pickup_time,dropoff_time,pickup_location,dropoff_location,fare,payment_method
1,115,11,2023-02-01 15:28:00,2023-02-01 16:06:00,Mall,Suburbs,76.42,Cash
2,161,16,2021-10-09 14:04:00,2021-10-09 14:45:00,Mall,Mall,27.28,Wallet
3,21,9,2021-06-04 07:24:00,2021-06-04 07:48:00,Downtown,Station,72.11,Cash
4,85,35,2022-04-23 13:03:00,2022-04-23 13:34:00,Station,Suburbs,84.12,Wallet
5,6,49,2022-08-13 12:30:00,2022-08-13 12:35:00,Mall,Station,94.56,Cash
6,138,48,2023-01-23 17:51:00,2023-01-23 19:13:00,Station,Airport,90.29,Cash
7,112,32,2021-01-30 12:21:00,2021-01-30 13:51:00,Station,Airport,69.52,Cash
8,33,40,2022-07-01 00:58:00,2022-07-01 01:53:00,Downtown,Downtown,61.23,Wallet
9,110,9,2023-06-07 14:11:00,2023-06-07 14:22:00,Mall,Airport,29.71,Cash
10,84,22,2023-02-19 12:17:00,2023-02-19 13:15:00,Downtown,Station,28.97,Card
11,192,35,2021-02-23 11:14:00,2021-02-23 12:42:00,Downtown,Downtown,11.52,Card
12,52,2,2022-09-29 04:15:00,2022-09-29 04:36:00,Downtown,Suburbs,49.99,Card
13,120,45,2021-09-20 11:10:00,2021-09-20 12:32:00,Downtown,Airport,62.69,Cash
14,28,38,2021-01-27 09:36:00,2021-01-27 10:29:00,Airport,Downtown,42.68,Wallet
15,177,41,2021-09-06 03:44:00,2021-09-06 04:27:00,Suburbs,Downtown,85.78,Wallet
16,11,23,2022-06-30 13:42:00,2022-06-30 14:34:00,Mall,Downtown,11.55,Cash
17,126,7,2022-03-20 11:40:00,2022-03-20 12:43:00,Station,Airport,72.19,Wallet
18,134,42,2021-10-04 19:51:00,2021-10-04 21:04:00,Station,Station,78.59,Wallet
19,152,18,2021-11-27 07:53:00,2021-11-27 08:09:00,Station,Airport,31.5,Cash
20,146,40,2022-11-16 12:21:00,2022-11-16 12:29:00,Mall,Airport,51.96,Cash
21,55,23,2023-03-28 08:21:00,2023-03-28 09:01:00,Mall,Suburbs,88.63,Card
22,133,13,2021-03-29 07:46:00,2021-03-29 08:43:00,Airport,Station,51.41,Wallet
23,183,32,2022-04-04 00:05:00,2022-04-04 00:47:00,Airport,Mall,26.05,Wallet
24,149,24,2022-04-30 17:33:00,2022-04-30 18:22:00,Suburbs,Mall,45.42,Cash
25,180,30,2021-10-05 09:16:00,2021-10-05 09:50:00,Airport,Mall,16.46,Card
26,191,35,2023-09-01 22:11:00,2023-09-01 22:40:00,Station,Mall,25.56,Wallet
27,151,49,2022-06-22 19:18:00,2022-06-22 19:35:00,Mall,Airport,84.1,Cash
28,46,20,2021-01-15 22:34:00,2021-01-15 22:55:00,Downtown,Suburbs,31.06,Cash
29,179,9,2022-10-16 15:06:00,2022-10-16 15:12:00,Station,Station,59.54,Cash
30,88,12,2023-09-16 01:16:00,2023-09-16 02:22:00,Downtown,Station,15.84,Cash
31,19,37,2022-10-07 21:03:00,2022-10-07 21:27:00,Suburbs,Mall,19.17,Card
32,64,8,2022-07-26 13:38:00,2022-07-26 14:59:00,Airport,Suburbs,80.12,Cash
33,116,29,2021-11-01 18:27:00,2021-11-01 19:11:00,Downtown,Suburbs,59.02,Wallet
34,26,49,2021-08-01 20:13:00,2021-08-01 20:51:00,Airport,Airport,67.74,Card
35,142,5,2021-06-10 00:26:00,2021-06-10 01:28:00,Station,Mall,70.49,Card
36,60,19,2022-12-25 09:44:00,2022-12-25 10:47:00,Airport,Mall,11.76,Wallet
37,151,43,2023-04-04 06:27:00,2023-04-04 06:46:00,Airport,Mall,56.73,Card
38,19,4,2021-06-19 09:38:00,2021-06-19 10:55:00,Station,Downtown,92.51,Cash
39,177,20,2022-12-18 12:17:00,2022-12-18 13:26:00,Station,Downtown,56.3,Wallet
40,11,28,2023-01-23 10:38:00,2023-01-23 11:15:00,Airport,Suburbs,7.46,Wallet
41,6,49,2022-11-20 08:36:00,2022-11-20 08:46:00,Airport,Station,77.5,Wallet
42,167,29,2023-07-28 08:11:00,2023-07-28 09:30:00,Station,Downtown,46.41,Cash
43,90,27,2021-12-08 10:42:00,2021-12-08 11:00:00,Mall,Station,86.48,Wallet
44,127,19,2022-11-10 12:52:00,2022-11-10 14:07:00,Downtown,Mall,8.49,Cash
45,83,8,2023-09-21 12:55:00,2023-09-21 14:05:00,Downtown,Suburbs,83.37,Cash
46,106,4,2021-07-12 16:23:00,2021-07-12 17:47:00,Station,Downtown,76.86,Card
47,69,36,2021-05-15 09:28:00,2021-05-15 10:35:00,Suburbs,Airport,16.54,Wallet
48,41,20,2022-07-19 00:35:00,2022-07-19 01:32:00,Downtown,Station,13.85,Card
49,166,10,2022-05-26 22:18:00,2022-05-26 23:28:00,Station,Station,72.01,Cash
50,63,30,2022-07-19 04:24:00,2022-07-19 04:53:00,Suburbs,Airport,92.58,Card
51,71,50,2023-03-20 13:21:00,2023-03-20 14:30:00,Downtown,Mall,30.38,Wallet
52,77,38,2022-08-17 21:31:00,2022-08-17 21:55:00,Station,Mall,47.42,Cash
53,142,49,2022-07-11 12:29:00,2022-07-11 13:15:00,Airport,Suburbs,87.61,Cash
54,60,50,2022-02-25 01:20:00,2022-02-25 02:25:00,Station,Station,72.0,Wallet
55,167,10,2022-05-23 01:08:00,2022-05-23 02:17:00,Mall,Downtown,96.71,Cash
56,26,34,2023-07-22 14:00:00,2023-07-22 14:23:00,Airport,Downtown,43.95,Cash
57,68,22,2022-10-01 22:25:00,2022-10-01 23:53:00,Mall,Suburbs,12.63,Cash
58,82,41,2023-01-06 15:55:00,2023-01-06 17:09:00,Downtown,Airport,8.41,Wallet
59,176,19,2021-08-21 23:05:00,2021-08-22 00:05:00,Downtown,Station,97.94,Card
60,178,20,2023-07-15 00:02:00,2023-07-15 00:48:00,Mall,Mall,80.63,Cash
61,111,10,2021-09-08 16:26:00,2021-09-08 17:43:00,Airport,Airport,69.77,Card
62,21,40,2023-06-11 12:39:00,2023-06-11 13:14:00,Suburbs,Airport,52.28,Card
63,119,41,2021-09-18 14:16:00,2021-09-18 15:46:00,Station,Mall,5.89,Wallet
64,140,11,2021-03-17 14:22:00,2021-03-17 15:42:00,Station,Mall,33.42,Cash
65,78,13,2022-01-29 15:06:00,2022-01-29 15:41:00,Mall,Suburbs,41.23,Cash
66,180,19,2021-01-23 21:25:00,2021-01-23 22:05:00,Downtown,Suburbs,5.77,Wallet
67,128,19,2023-03-06 07:38:00,2023-03-06 08:28:00,Airport,Suburbs,25.81,Cash
68,174,49,2023-01-09 21:43:00,2023-01-09 22:05:00,Downtown,Mall,64.68,Cash
69,9,38,2022-01-09 23:08:00,2022-01-09 23:24:00,Mall,Station,91.41,Card
70,52,9,2023-03-17 17:56:00,2023-03-17 18:47:00,Mall,Airport,55.43,Cash
71,124,19,2023-02-04 10:51:00,2023-02-04 11:10:00,Downtown,Airport,49.49,Card
72,174,47,2022-11-22 12:54:00,2022-11-22 14:10:00,Station,Downtown,39.75,Cash
73,138,8,2022-04-11 11:43:00,2022-04-11 12:21:00,Mall,Downtown,60.53,Wallet
74,60,31,2021-01-26 19:56:00,2021-01-26 21:12:00,Suburbs,Airport,36.16,Wallet
75,17,41,2023-04-24 14:58:00,2023-04-24 15:41:00,Downtown,Airport,66.68,Card
76,10,20,2022-05-20 03:06:00,2022-05-20 03:41:00,Airport,Station,89.29,Cash
77,95,43,2023-08-31 23:44:00,2023-09-01 00:58:00,Airport,Station,44.82,Wallet
78,26,32,2022-09-23 13:17:00,2022-09-23 13:26:00,Airport,Station,70.58,Cash
79,61,24,2021-04-12 21:23:00,2021-04-12 22:37:00,Mall,Downtown,90.66,Cash
80,71,13,2023-09-19 03:54:00,2023-09-19 04:57:00,Airport,Suburbs,13.71,Card
81,13,22,2021-09-07 04:50:00,2021-09-07 06:07:00,Suburbs,Airport,24.49,Wallet
82,56,15,2021-12-03 04:50:00,2021-12-03 06:11:00,Airport,Airport,5.27,Wallet
83,65,12,2021-04-23 21:55:00,2021-04-23 22:03:00,Mall,Airport,17.52,Wallet
84,83,2,2021-06-28 08:03:00,2021-06-28 08:24:00,Suburbs,Downtown,75.46,Wallet
85,17,31,2022-04-05 11:32:00,2022-04-05 12:52:00,Suburbs,Airport,15.36,Wallet
86,12,47,2023-03-14 21:33:00,2023-03-14 22:16:00,Downtown,Downtown,48.51,Cash
87,103,28,2022-12-04 03:31:00,2022-12-04 04:32:00,Downtown,Mall,11.98,Wallet
88,38,5,2021-05-10 08:39:00,2021-05-10 10:05:00,Mall,Station,60.61,Wallet
89,136,19,2022-04-10 16:38:00,2022-04-10 17:38:00,Downtown,Suburbs,14.42,Wallet
90,56,28,2022-04-08 07:26:00,2022-04-08 08:14:00,Station,Station,83.6,Wallet
91,25,21,2022-03-14 10:42:00,2022-03-14 11:19:00,Airport,Station,40.56,Card
92,24,6,2021-04-06 13:06:00,2021-04-06 13:58:00,Suburbs,Downtown,82.12,Wallet
93,144,36,2021-12-04 21:07:00,2021-12-04 22:04:00,Station,Downtown,38.59,Cash
94,154,20,2021-12-27 03:36:00,2021-12-27 04:45:00,Station,Airport,25.21,Card
95,90,36,2022-01-12 03:48:00,2022-01-12 04:28:00,Station,Suburbs,59.54,Wallet
96,158,44,2022-10-21 17:01:00,2022-10-21 18:23:00,Mall,Downtown,93.26,Card
97,70,45,2023-02-20 09:58:00,2023-02-20 10:46:00,Airport,Airport,38.35,Wallet
98,169,26,2021-03-13 04:47:00,2021-03-13 06:13:00,Downtown,Suburbs,97.32,Card
99,97,27,2022-04-10 10:10:00,2022-04-10 11:02:00,Mall,Suburbs,34.61,Wallet
100,22,4,2021-06-09 05:48:00,2021-06-09 07:12:00,Downtown,Mall,9.73,Cash
101,170,28,2022-05-13 19:28:00,2022-05-13 20:26:00,Suburbs,Downtown,30.95,Cash
102,111,8,2021-10-18 21:43:00,2021-10-18 23:03:00,Mall,Downtown,51.23,Card
103,102,39,2021-02-26 00:13:00,2021-02-26 00:56:00,Airport,Mall,94.81,Cash
104,84,8,2021-01-08 15:47:00,2021-01-08 16:47:00,Station,Suburbs,21.69,Wallet
105,59,33,2022-07-27 21:51:00,2022-07-27 22:41:00,Downtown,Station,11.85,Card
106,118,5,2023-06-02 10:36:00,2023-06-02 11:35:00,Station,Mall,59.47,Card
107,104,2,2023-09-17 10:10:00,2023-09-17 11:34:00,Mall,Downtown,48.71,Cash
108,28,16,2022-03-23 18:25:00,2022-03-23 19:37:00,Mall,Mall,12.47,Card
109,86,50,2021-06-22 02:32:00,2021-06-22 03:58:00,Suburbs,Airport,15.83,Cash
110,90,47,2023-09-09 20:52:00,2023-09-09 21:15:00,Airport,Mall,27.45,Card
111,45,39,2021-06-06 20:04:00,2021-06-06 20:31:00,Station,Station,95.37,Wallet
112,195,38,2022-04-05 21:59:00,2022-04-05 23:16:00,Suburbs,Mall,66.08,Wallet
113,81,10,2022-03-27 02:30:00,2022-03-27 03:31:00,Mall,Suburbs,64.98,Card
114,91,33,2021-03-17 09:29:00,2021-03-17 10:31:00,Mall,Mall,8.57,Card
115,166,6,2022-09-22 19:32:00,2022-09-22 20:26:00,Suburbs,Downtown,48.96,Cash
116,147,42,2021-07-12 10:38:00,2021-07-12 11:43:00,Downtown,Station,52.63,Card
117,88,46,2021-03-28 16:41:00,2021-03-28 17:08:00,Station,Station,8.72,Wallet
118,134,40,2021-06-12 11:23:00,2021-06-12 12:04:00,Mall,Suburbs,41.8,Card
119,162,42,2021-12-09 02:21:00,2021-12-09 02:38:00,Station,Mall,58.01,Cash
120,186,43,2023-09-15 19:55:00,2023-09-15 20:19:00,Suburbs,Airport,36.67,Cash
121,80,42,2022-12-17 21:25:00,2022-12-17 21:46:00,Downtown,Mall,61.53,Wallet
122,97,42,2023-03-22 10:52:00,2023-03-22 11:13:00,Suburbs,Downtown,68.66,Wallet
123,172,28,2022-06-05 11:01:00,2022-06-05 11:52:00,Airport,Mall,34.34,Cash
124,50,15,2021-05-21 04:04:00,2021-05-21 04:46:00,Downtown,Suburbs,85.22,Wallet
125,190,34,2021-02-08 21:21:00,2021-02-08 22:45:00,Station,Airport,17.45,Card
126,47,45,2023-03-01 19:51:00,2023-03-01 20:17:00,Downtown,Station,73.51,Cash
127,174,47,2021-09-01 14:39:00,2021-09-01 15:20:00,Station,Airport,76.48,Wallet
128,62,20,2023-09-16 15:57:00,2023-09-16 16:26:00,Suburbs,Station,39.94,Cash
129,197,19,2023-03-08 12:32:00,2023-03-08 13:44:00,Airport,Airport,44.77,Wallet
130,36,17,2021-02-23 20:30:00,2021-02-23 21:22:00,Downtown,Suburbs,57.68,Card
131,73,6,2023-02-21 05:17:00,2023-02-21 06:19:00,Airport,Station,91.0,Card
132,57,29,2023-06-25 11:59:00,2023-06-25 12:07:00,Station,Suburbs,44.42,Cash
133,61,25,2021-03-25 11:14:00,2021-03-25 11:22:00,Downtown,Mall,35.28,Card
134,36,3,2021-10-21 15:44:00,2021-10-21 16:06:00,Station,Station,77.09,Wallet
135,2,6,2021-01-20 08:13:00,2021-01-20 08:37:00,Suburbs,Suburbs,57.14,Cash
136,29,50,2021-10-23 07:19:00,2021-10-23 07:39:00,Station,Suburbs,9.54,Cash
137,17,8,2023-05-07 15:38:00,2023-05-07 16:51:00,Suburbs,Suburbs,6.56,Card
138,184,10,2021-10-26 13:00:00,2021-10-26 14:23:00,Suburbs,Station,38.52,Card
139,171,43,2021-03-29 16:23:00,2021-03-29 16:36:00,Suburbs,Suburbs,95.57,Wallet
140,142,2,2022-02-04 15:02:00,2022-02-04 16:28:00,Mall,Mall,41.75,Wallet
141,5,23,2023-03-19 02:22:00,2023-03-19 02:57:00,Downtown,Suburbs,74.63,Wallet
142,194,22,2021-05-17 01:22:00,2021-05-17 02:36:00,Airport,Station,37.16,Wallet
143,123,41,2021-07-06 04:04:00,2021-07-06 05:07:00,Airport,Downtown,8.51,Card
144,11,21,2023-08-14 09:32:00,2023-08-14 10:27:00,Suburbs,Station,98.97,Cash
145,10,49,2022-10-25 06:18:00,2022-10-25 07:08:00,Downtown,Mall,86.9,Cash
146,32,24,2022-03-24 12:47:00,2022-03-24 13:48:00,Station,Mall,89.99,Card
147,128,45,2022-05-25 11:59:00,2022-05-25 13:10:00,Downtown,Station,30.34,Card
148,111,39,2023-04-23 05:34:00,2023-04-23 06:16:00,Downtown,Mall,35.52,Wallet
149,76,20,2022-04-02 19:45:00,2022-04-02 20:44:00,Station,Mall,20.83,Cash
150,11,47,2023-06-10 11:39:00,2023-06-10 12:39:00,Downtown,Downtown,31.08,Wallet
151,164,26,2022-01-08 16:51:00,2022-01-08 17:16:00,Airport,Suburbs,95.51,Wallet
152,113,3,2021-05-10 02:15:00,2021-05-10 03:42:00,Station,Suburbs,39.8,Card
153,155,10,2022-11-27 14:23:00,2022-11-27 15:15:00,Downtown,Suburbs,47.17,Card
154,136,24,2022-02-12 10:41:00,2022-02-12 11:21:00,Downtown,Downtown,28.71,Wallet
155,48,32,2022-06-15 12:58:00,2022-06-15 14:14:00,Mall,Station,16.19,Card
156,157,19,2022-12-12 15:12:00,2022-12-12 15:32:00,Downtown,Station,17.89,Card
157,183,29,2021-03-31 21:54:00,2021-03-31 22:39:00,Downtown,Suburbs,68.44,Wallet
158,75,20,2023-05-22 05:45:00,2023-05-22 07:11:00,Mall,Suburbs,21.54,Card
159,32,13,2023-03-23 04:15:00,2023-03-23 05:23:00,Suburbs,Suburbs,7.5,Cash
160,120,36,2021-05-13 19:56:00,2021-05-13 20:12:00,Station,Station,11.25,Wallet
161,106,50,2022-02-24 18:04:00,2022-02-24 18:25:00,Downtown,Station,97.38,Cash
162,175,34,2021-12-19 04:56:00,2021-12-19 06:11:00,Airport,Airport,65.78,Cash
163,129,4,2023-05-02 03:33:00,2023-05-02 03:57:00,Airport,Mall,33.89,Wallet
164,58,23,2023-08-29 16:57:00,2023-08-29 17:38:00,Mall,Airport,85.36,Wallet
165,142,18,2021-05-09 20:19:00,2021-05-09 21:42:00,Suburbs,Airport,55.68,Wallet
166,149,10,2021-06-25 21:39:00,2021-06-25 23:01:00,Suburbs,Downtown,37.07,Card
167,21,3,2023-08-30 20:49:00,2023-08-30 22:07:00,Airport,Suburbs,30.14,Cash
168,159,41,2021-02-01 15:56:00,2021-02-01 17:21:00,Mall,Station,56.83,Card
169,176,26,2021-11-01 14:04:00,2021-11-01 14:16:00,Station,Station,20.02,Cash
170,53,22,2022-09-14 04:20:00,2022-09-14 05:05:00,Mall,Station,74.75,Card
171,195,24,2022-06-12 17:06:00,2022-06-12 17:51:00,Downtown,Mall,27.97,Cash
172,64,10,2021-04-10 01:18:00,2021-04-10 02:12:00,Station,Airport,87.1,Card
173,84,37,2023-01-09 10:12:00,2023-01-09 10:37:00,Suburbs,Station,52.34,Cash
174,79,32,2021-01-24 02:25:00,2021-01-24 03:34:00,Airport,Airport,48.44,Wallet
175,91,4,2021-02-21 09:31:00,2021-02-21 10:52:00,Station,Mall,88.82,Wallet
176,3,7,2022-03-18 04:56:00,2022-03-18 05:34:00,Station,Mall,74.11,Card
177,103,4,2022-08-07 17:12:00,2022-08-07 18:03:00,Downtown,Station,57.56,Wallet
178,116,49,2022-07-18 08:52:00,2022-07-18 10:16:00,Downtown,Airport,69.64,Card
179,101,24,2023-03-25 10:35:00,2023-03-25 11:26:00,Airport,Suburbs,76.72,Wallet
180,103,33,2021-02-11 01:02:00,2021-02-11 01:24:00,Station,Suburbs,72.79,Cash
181,39,39,2023-07-04 16:08:00,2023-07-04 16:54:00,Mall,Airport,93.48,Cash
182,158,48,2023-05-13 09:37:00,2023-05-13 10:25:00,Suburbs,Suburbs,53.19,Cash
183,182,37,2021-11-03 15:52:00,2021-11-03 15:59:00,Downtown,Station,39.99,Wallet
184,79,47,2023-06-13 22:40:00,2023-06-13 22:48:00,Mall,Suburbs,61.71,Wallet
185,59,47,2021-02-22 18:30:00,2021-02-22 18:56:00,Suburbs,Station,54.8,Card
186,175,16,2021-02-02 18:44:00,2021-02-02 19:03:00,Station,Mall,23.12,Cash
187,39,27,2022-12-09 06:26:00,2022-12-09 07:35:00,Station,Downtown,78.62,Wallet
188,36,34,2021-08-01 17:20:00,2021-08-01 18:49:00,Station,Mall,50.45,Card
189,118,35,2021-12-17 17:22:00,2021-12-17 18:49:00,Mall,Suburbs,81.35,Cash
190,50,16,2021-10-13 17:19:00,2021-10-13 17:52:00,Mall,Mall,94.44,Wallet
191,54,45,2022-12-23 15:20:00,2022-12-23 16:26:00,Mall,Mall,38.14,Card
192,147,44,2022-07-11 12:57:00,2022-07-11 13:52:00,Airport,Mall,82.75,Card
193,74,46,2021-03-22 11:59:00,2021-03-22 13:00:00,Station,Airport,67.32,Card
194,138,18,2023-08-14 17:44:00,2023-08-14 18:23:00,Suburbs,Suburbs,18.04,Card
195,63,4,2022-11-17 16:14:00,2022-11-17 17:40:00,Downtown,Station,27.12,Cash
196,184,31,2021-04-13 21:49:00,2021-04-13 22:11:00,Suburbs,Airport,5.49,Cash
197,168,31,2022-05-04 20:12:00,2022-05-04 20:53:00,Downtown,Downtown,35.51,Wallet
198,147,15,2022-07-02 23:46:00,2022-07-02 23:55:00,Airport,Station,91.76,Card
199,10,26,2023-03-18 15:11:00,2023-03-18 15:53:00,Downtown,Mall,88.29,Wallet
200,155,7,2023-08-09 10:18:00,2023-08-09 11:21:00,Suburbs,Suburbs,98.96,Cash
201,35,33,2022-04-25 08:12:00,2022-04-25 08:31:00,Station,Mall,36.41,Wallet
202,48,1,2023-01-25 10:50:00,2023-01-25 11:32:00,Airport,Airport,58.94,Wallet
203,164,26,2023-04-27 13:32:00,2023-04-27 14:18:00,Downtown,Airport,13.24,Card
204,123,21,2023-08-17 07:00:00,2023-08-17 07:38:00,Station,Mall,41.44,Cash
205,78,38,2023-01-11 18:00:00,2023-01-11 18:38:00,Airport,Downtown,67.1,Wallet
206,31,30,2021-11-11 05:25:00,2021-11-11 06:34:00,Mall,Downtown,92.7,Wallet
207,76,24,2022-09-22 07:14:00,2022-09-22 07:36:00,Station,Suburbs,50.43,Cash
208,107,45,2022-07-17 15:48:00,2022-07-17 17:01:00,Airport,Airport,81.19,Wallet
209,194,39,2023-06-14 02:33:00,2023-06-14 03:35:00,Mall,Downtown,55.18,Wallet
210,29,4,2023-04-29 17:57:00,2023-04-29 19:06:00,Suburbs,Airport,24.2,Card
211,84,34,2022-03-29 03:43:00,2022-03-29 04:14:00,Station,Downtown,73.11,Wallet
212,115,4,2022-04-10 04:32:00,2022-04-10 05:30:00,Downtown,Suburbs,48.4,Cash
213,173,20,2023-01-11 00:25:00,2023-01-11 01:02:00,Airport,Suburbs,82.56,Card
214,12,28,2021-12-19 22:04:00,2021-12-19 23:18:00,Downtown,Station,99.44,Card
215,74,27,2021-07-04 04:49:00,2021-07-04 06:16:00,Station,Mall,97.94,Cash
216,115,25,2022-01-20 02:43:00,2022-01-20 04:12:00,Airport,Mall,88.08,Card
217,46,35,2022-02-07 16:08:00,2022-02-07 16:41:00,Downtown,Mall,84.31,Cash
218,173,47,2022-07-12 13:34:00,2022-07-12 14:27:00,Airport,Station,83.22,Cash
219,40,18,2021-07-13 23:48:00,2021-07-14 00:07:00,Station,Suburbs,8.06,Card
220,62,14,2021-03-10 03:38:00,2021-03-10 03:47:00,Downtown,Airport,47.41,Wallet
221,12,26,2022-03-26 07:34:00,2022-03-26 08:06:00,Downtown,Airport,76.67,Wallet
222,75,15,2023-04-16 23:36:00,2023-04-17 00:21:00,Mall,Airport,59.86,Cash
223,37,43,2022-06-18 07:26:00,2022-06-18 08:09:00,Suburbs,Suburbs,31.14,Wallet
224,45,41,2022-11-27 13:35:00,2022-11-27 14:43:00,Mall,Station,9.45,Wallet
225,82,45,2022-03-03 13:09:00,2022-03-03 13:52:00,Suburbs,Station,40.76,Card
226,58,20,2023-05-29 22:09:00,2023-05-29 23:13:00,Suburbs,Station,91.9,Cash
227,143,34,2021-05-18 12:15:00,2021-05-18 12:52:00,Downtown,Station,24.32,Cash
228,24,35,2023-01-12 06:03:00,2023-01-12 06:42:00,Suburbs,Suburbs,40.83,Card
229,19,13,2023-04-04 18:46:00,2023-04-04 20:16:00,Station,Airport,58.09,Cash
230,78,1,2021-08-05 06:47:00,2021-08-05 07:07:00,Station,Airport,75.95,Wallet
231,155,46,2021-07-29 12:58:00,2021-07-29 13:33:00,Mall,Station,57.45,Cash
232,137,42,2022-01-03 09:16:00,2022-01-03 10:07:00,Station,Station,53.72,Card
233,185,31,2023-02-19 10:58:00,2023-02-19 11:29:00,Station,Downtown,40.22,Wallet
234,57,48,2021-05-30 00:16:00,2021-05-30 01:31:00,Suburbs,Station,93.8,Cash
235,40,13,2021-12-04 07:24:00,2021-12-04 08:41:00,Station,Suburbs,84.17,Wallet
236,176,22,2021-09-21 15:46:00,2021-09-21 17:13:00,Station,Airport,75.26,Wallet
237,91,11,2021-05-24 23:34:00,2021-05-25 00:41:00,Suburbs,Downtown,22.48,Wallet
238,9,5,2023-08-26 21:03:00,2023-08-26 21:08:00,Airport,Downtown,44.18,Wallet
239,39,1,2021-08-12 16:29:00,2021-08-12 17:21:00,Suburbs,Station,10.74,Wallet
240,125,2,2021-01-07 17:35:00,2021-01-07 18:32:00,Suburbs,Mall,6.13,Wallet
241,74,2,2022-05-30 22:43:00,2022-05-30 23:43:00,Airport,Downtown,81.59,Card
242,135,10,2021-09-04 06:39:00,2021-09-04 07:51:00,Mall,Mall,28.98,Cash
243,21,24,2023-09-10 12:29:00,2023-09-10 13:46:00,Airport,Mall,28.1,Wallet
244,21,42,2023-05-29 20:48:00,2023-05-29 20:57:00,Station,Station,13.88,Wallet
245,122,4,2022-10-15 00:44:00,2022-10-15 01:10:00,Station,Mall,12.86,Wallet
246,25,34,2023-07-31 01:14:00,2023-07-31 01:46:00,Suburbs,Station,90.62,Cash
247,12,5,2022-12-02 08:57:00,2022-12-02 10:11:00,Downtown,Airport,58.53,Cash
248,5,14,2022-08-25 04:48:00,2022-08-25 05:43:00,Mall,Airport,93.24,Wallet
249,62,37,2023-05-05 12:43:00,2023-05-05 13:57:00,Airport,Downtown,36.51,Wallet
250,191,23,2021-02-24 03:27:00,2021-02-24 04:01:00,Mall,Suburbs,84.67,Wallet
251,153,26,2023-09-20 10:01:00,2023-09-20 11:27:00,Station,Station,30.97,Card
252,92,36,2023-08-22 12:27:00,2023-08-22 12:55:00,Station,Downtown,69.57,Wallet
253,76,16,2023-01-01 02:05:00,2023-01-01 02:44:00,Airport,Station,19.65,Cash
254,93,7,2021-04-04 00:19:00,2021-04-04 01:20:00,Mall,Downtown,39.19,Card
255,23,12,2022-03-18 14:35:00,2022-03-18 15:51:00,Downtown,Downtown,53.68,Card
256,91,36,2021-04-06 19:38:00,2021-04-06 20:24:00,Downtown,Mall,87.05,Cash
257,100,50,2021-03-28 23:57:00,2021-03-29 01:13:00,Airport,Suburbs,90.99,Wallet
258,44,44,2022-01-25 05:08:00,2022-01-25 05:47:00,Station,Airport,33.61,Card
259,43,28,2021-10-10 13:19:00,2021-10-10 14:25:00,Mall,Mall,79.35,Card
260,185,41,2022-05-23 19:39:00,2022-05-23 20:09:00,Airport,Mall,48.5,Card
261,102,22,2023-05-12 19:24:00,2023-05-12 20:11:00,Station,Suburbs,46.82,Card
262,77,21,2022-09-10 22:12:00,2022-09-10 23:18:00,Station,Mall,34.85,Cash
263,189,45,2022-10-11 15:36:00,2022-10-11 16:12:00,Mall,Station,35.96,Cash
264,30,37,2021-07-24 18:34:00,2021-07-24 19:02:00,Suburbs,Downtown,69.76,Wallet
265,119,46,2021-08-03 14:51:00,2021-08-03 15:33:00,Downtown,Station,83.97,Wallet
266,128,9,2022-10-11 09:15:00,2022-10-11 09:52:00,Station,Station,67.57,Card
267,115,39,2022-05-06 18:25:00,2022-05-06 19:38:00,Station,Suburbs,53.13,Card
268,93,45,2023-07-06 17:38:00,2023-07-06 19:04:00,Downtown,Airport,91.87,Wallet
269,171,23,2021-06-20 20:39:00,2021-06-20 20:49:00,Station,Mall,58.51,Cash
270,28,1,2021-04-11 08:14:00,2021-04-11 09:24:00,Suburbs,Suburbs,75.95,Wallet
271,148,15,2022-04-02 11:25:00,2022-04-02 12:29:00,Suburbs,Suburbs,78.37,Card
272,89,2,2022-05-10 03:18:00,2022-05-10 04:16:00,Downtown,Downtown,92.45,Wallet
273,37,23,2021-11-16 10:29:00,2021-11-16 11:00:00,Mall,Station,54.51,Card
274,113,47,2022-12-15 14:20:00,2022-12-15 14:33:00,Downtown,Downtown,33.53,Cash
275,166,7,2022-11-25 05:59:00,2022-11-25 06:35:00,Suburbs,Airport,54.02,Cash
276,144,28,2023-09-09 14:14:00,2023-09-09 15:10:00,Airport,Station,64.83,Cash
277,8,48,2022-09-21 06:28:00,2022-09-21 07:48:00,Downtown,Airport,45.81,Card
278,72,49,2022-12-22 02:36:00,2022-12-22 02:54:00,Suburbs,Airport,80.95,Cash
279,84,13,2022-04-14 03:16:00,2022-04-14 04:46:00,Suburbs,Mall,86.95,Wallet
280,100,40,2022-02-06 18:07:00,2022-02-06 18:56:00,Station,Suburbs,38.44,Card
281,173,46,2023-03-31 09:58:00,2023-03-31 11:21:00,Airport,Mall,61.07,Card
282,62,20,2021-04-30 05:23:00,2021-04-30 05:46:00,Station,Suburbs,53.53,Card
283,148,25,2022-03-10 05:31:00,2022-03-10 06:57:00,Airport,Suburbs,56.05,Card
284,126,19,2021-05-24 05:20:00,2021-05-24 06:22:00,Mall,Downtown,63.84,Cash
285,35,13,2023-04-15 12:35:00,2023-04-15 13:44:00,Station,Station,67.04,Cash
286,182,29,2022-05-16 05:05:00,2022-05-16 06:22:00,Airport,Mall,7.93,Card
287,71,15,2022-07-05 09:10:00,2022-07-05 10:13:00,Station,Suburbs,58.74,Wallet
288,29,37,2021-04-27 08:49:00,2021-04-27 10:03:00,Mall,Suburbs,83.21,Card
289,195,47,2022-03-28 17:13:00,2022-03-28 18:12:00,Airport,Mall,14.73,Card
290,116,17,2021-12-23 02:28:00,2021-12-23 02:48:00,Airport,Airport,78.69,Wallet
291,151,45,2021-12-26 22:39:00,2021-12-27 00:04:00,Suburbs,Airport,45.68,Card
292,53,4,2022-08-07 11:34:00,2022-08-07 12:14:00,Airport,Mall,61.7,Wallet
293,75,19,2022-08-10 08:54:00,2022-08-10 10:04:00,Downtown,Airport,98.62,Cash
294,16,18,2023-06-07 20:08:00,2023-06-07 20:29:00,Mall,Airport,28.72,Wallet
295,101,32,2021-05-26 18:40:00,2021-05-26 19:19:00,Station,Station,64.64,Card
296,163,50,2021-04-06 12:32:00,2021-04-06 13:12:00,Mall,Station,71.0,Cash
297,84,38,2021-01-03 23:05:00,2021-01-04 00:08:00,Mall,Downtown,65.31,Wallet
298,102,14,2023-09-19 13:52:00,2023-09-19 14:24:00,Mall,Mall,52.0,Cash
299,141,37,2021-05-14 18:54:00,2021-05-14 20:01:00,Downtown,Downtown,79.89,Card
300,161,30,2021-01-17 03:59:00,2021-01-17 04:24:00,Downtown,Station,46.92,Card
301,177,9,2023-06-23 20:19:00,2023-06-23 20:44:00,Mall,Downtown,88.07,Wallet
302,93,17,2021-03-26 11:42:00,2021-03-26 13:10:00,Station,Mall,20.72,Wallet
303,180,49,2021-08-28 13:41:00,2021-08-28 13:57:00,Downtown,Airport,71.85,Cash
304,20,9,2022-08-31 07:33:00,2022-08-31 08:34:00,Mall,Downtown,5.88,Cash
305,178,9,2022-05-05 02:14:00,2022-05-05 03:08:00,Downtown,Downtown,13.49,Cash
306,95,20,2021-05-21 12:49:00,2021-05-21 13:11:00,Airport,Downtown,65.95,Wallet
307,145,1,2022-09-17 20:10:00,2022-09-17 21:11:00,Airport,Airport,38.36,Cash
308,158,44,2022-03-30 06:05:00,2022-03-30 06:22:00,Downtown,Suburbs,18.3,Wallet
309,99,23,2023-09-14 13:20:00,2023-09-14 13:42:00,Downtown,Airport,28.54,Wallet
310,154,39,2023-01-09 19:18:00,2023-01-09 19:26:00,Mall,Airport,85.55,Wallet
311,156,33,2021-07-13 23:25:00,2021-07-14 00:07:00,Airport,Station,66.39,Cash
312,29,16,2022-05-27 20:38:00,2022-05-27 20:52:00,Downtown,Mall,55.19,Cash
313,34,25,2023-06-01 18:26:00,2023-06-01 19:17:00,Airport,Station,56.9,Card
314,5,38,2021-03-11 00:16:00,2021-03-11 00:48:00,Downtown,Station,8.78,Wallet
315,74,41,2022-12-31 16:49:00,2022-12-31 17:47:00,Station,Downtown,45.24,Wallet
316,138,35,2022-09-23 04:17:00,2022-09-23 04:32:00,Suburbs,Airport,34.44,Card
317,138,21,2022-02-05 18:40:00,2022-02-05 20:08:00,Downtown,Mall,69.7,Wallet
318,112,47,2023-09-04 07:03:00,2023-09-04 07:39:00,Station,Downtown,13.19,Cash
319,157,39,2021-02-26 09:42:00,2021-02-26 11:11:00,Downtown,Downtown,75.36,Wallet
320,36,45,2021-01-12 05:31:00,2021-01-12 06:20:00,Mall,Airport,54.69,Cash
321,33,48,2023-03-11 08:46:00,2023-03-11 09:06:00,Downtown,Mall,78.29,Cash
322,70,34,2021-03-07 08:45:00,2021-03-07 10:03:00,Station,Station,64.62,Wallet
323,93,4,2022-05-27 18:10:00,2022-05-27 19:02:00,Downtown,Suburbs,19.94,Wallet
324,186,8,2021-08-22 23:32:00,2021-08-22 23:37:00,Downtown,Airport,9.18,Card
325,121,24,2022-01-28 04:11:00,2022-01-28 04:20:00,Station,Airport,57.52,Cash
326,64,27,2023-07-27 23:20:00,2023-07-27 23:59:00,Suburbs,Mall,83.47,Card
327,129,44,2023-07-13 01:11:00,2023-07-13 01:44:00,Downtown,Station,81.41,Card
328,120,19,2023-03-04 09:20:00,2023-03-04 09:36:00,Downtown,Mall,57.54,Card
329,75,37,2023-03-15 09:47:00,2023-03-15 11:11:00,Mall,Suburbs,28.05,Cash
330,198,50,2021-07-20 23:57:00,2021-07-21 01:11:00,Airport,Airport,77.25,Card
331,105,2,2021-08-27 17:22:00,2021-08-27 18:48:00,Downtown,Mall,84.76,Card
332,195,43,2022-01-21 23:46:00,2022-01-22 00:30:00,Suburbs,Airport,14.88,Cash
333,126,4,2023-09-23 04:45:00,2023-09-23 05:25:00,Airport,Suburbs,13.84,Cash
334,180,24,2022-04-15 23:05:00,2022-04-16 00:24:00,Airport,Station,14.08,Card
335,152,37,2021-03-05 13:42:00,2021-03-05 14:03:00,Mall,Mall,27.49,Cash
336,180,48,2021-12-01 10:28:00,2021-12-01 11:07:00,Airport,Airport,27.19,Wallet
337,28,10,2021-04-19 05:28:00,2021-04-19 06:32:00,Downtown,Suburbs,34.83,Cash
338,198,14,2022-04-08 09:29:00,2022-04-08 10:07:00,Downtown,Airport,85.99,Wallet
339,78,46,2022-12-15 19:02:00,2022-12-15 19:34:00,Mall,Airport,84.41,Card
340,183,16,2023-09-19 11:25:00,2023-09-19 12:35:00,Mall,Mall,9.65,Card
341,8,26,2023-05-26 14:35:00,2023-05-26 15:50:00,Station,Downtown,28.74,Card
342,32,1,2021-03-05 07:08:00,2021-03-05 07:38:00,Mall,Downtown,83.25,Wallet
343,151,17,2023-07-29 02:01:00,2023-07-29 02:14:00,Station,Airport,23.79,Card
344,85,8,2021-02-13 14:03:00,2021-02-13 14:29:00,Station,Station,92.79,Cash
345,8,25,2022-12-01 13:11:00,2022-12-01 14:01:00,Airport,Mall,25.4,Cash
346,115,10,2021-02-05 19:39:00,2021-02-05 21:02:00,Mall,Station,28.35,Cash
347,141,31,2021-03-04 02:17:00,2021-03-04 03:11:00,Airport,Suburbs,18.04,Card
348,162,35,2023-03-25 00:24:00,2023-03-25 01:14:00,Station,Mall,50.57,Wallet
349,129,21,2022-02-02 08:11:00,2022-02-02 08:19:00,Airport,Downtown,35.29,Cash
350,15,31,2022-06-27 11:49:00,2022-06-27 13:08:00,Airport,Downtown,99.96,Card
351,169,16,2021-09-30 17:52:00,2021-09-30 18:04:00,Airport,Suburbs,77.58,Cash
352,91,12,2021-06-30 07:37:00,2021-06-30 08:22:00,Mall,Suburbs,81.59,Card
353,181,45,2021-12-27 18:36:00,2021-12-27 18:59:00,Airport,Station,58.5,Wallet
354,80,12,2022-05-18 01:05:00,2022-05-18 01:17:00,Airport,Downtown,27.1,Wallet
355,123,1,2021-12-06 19:12:00,2021-12-06 19:33:00,Airport,Mall,37.37,Card
356,6,10,2022-08-24 22:58:00,2022-08-24 23:21:00,Suburbs,Mall,78.56,Card
357,96,46,2023-08-23 21:25:00,2023-08-23 22:45:00,Mall,Mall,14.6,Card
358,41,47,2023-08-30 13:50:00,2023-08-30 15:16:00,Mall,Airport,96.26,Wallet
359,144,45,2023-06-30 19:50:00,2023-06-30 20:40:00,Suburbs,Airport,26.21,Cash
360,79,47,2022-12-07 09:08:00,2022-12-07 09:35:00,Suburbs,Station,74.24,Wallet
361,9,12,2022-09-09 10:58:00,2022-09-09 12:21:00,Suburbs,Downtown,25.99,Cash
362,37,22,2023-02-03 02:15:00,2023-02-03 03:04:00,Airport,Downtown,98.33,Wallet
363,172,41,2023-01-17 10:28:00,2023-01-17 10:34:00,Airport,Downtown,30.2,Cash
364,66,7,2023-01-08 00:03:00,2023-01-08 00:57:00,Station,Airport,46.63,Cash
365,127,25,2021-12-26 17:24:00,2021-12-26 17:41:00,Suburbs,Airport,83.74,Card
366,116,5,2023-03-30 01:18:00,2023-03-30 01:25:00,Downtown,Downtown,35.28,Cash
367,44,25,2021-06-14 23:04:00,2021-06-15 00:19:00,Downtown,Mall,94.47,Wallet
368,158,31,2022-12-23 00:27:00,2022-12-23 01:55:00,Station,Airport,20.67,Card
369,26,22,2021-07-30 06:26:00,2021-07-30 07:41:00,Suburbs,Mall,73.59,Wallet
370,73,20,2021-09-01 03:03:00,2021-09-01 03:58:00,Station,Airport,59.32,Card
371,93,1,2022-03-14 02:18:00,2022-03-14 03:47:00,Station,Airport,64.38,Card
372,7,14,2021-06-24 20:18:00,2021-06-24 20:33:00,Downtown,Mall,49.99,Cash
373,121,32,2023-07-06 21:16:00,2023-07-06 21:32:00,Station,Airport,65.98,Cash
374,98,24,2021-07-11 14:02:00,2021-07-11 14:40:00,Mall,Airport,46.78,Cash
375,145,4,2021-06-04 22:42:00,2021-06-04 22:59:00,Mall,Suburbs,13.14,Cash
376,194,38,2021-08-21 17:03:00,2021-08-21 17:57:00,Station,Suburbs,82.75,Wallet
377,122,37,2023-06-22 07:30:00,2023-06-22 08:13:00,Downtown,Suburbs,12.5,Wallet
378,133,37,2022-11-25 19:09:00,2022-11-25 19:29:00,Station,Airport,95.18,Card
379,55,13,2021-05-10 01:27:00,2021-05-10 01:42:00,Station,Airport,98.89,Wallet
380,38,39,2021-09-22 10:58:00,2021-09-22 11:11:00,Suburbs,Station,13.27,Wallet
381,84,18,2022-06-17 14:58:00,2022-06-17 15:04:00,Suburbs,Suburbs,79.72,Wallet
382,108,8,2022-03-01 04:09:00,2022-03-01 05:26:00,Downtown,Downtown,60.85,Wallet
383,200,7,2023-03-16 09:55:00,2023-03-16 11:08:00,Station,Mall,88.61,Cash
384,168,32,2022-08-09 19:30:00,2022-08-09 19:39:00,Station,Airport,21.36,Wallet
385,156,44,2022-12-12 12:02:00,2022-12-12 12:57:00,Mall,Airport,89.51,Card
386,191,31,2023-08-01 08:57:00,2023-08-01 09:49:00,Mall,Mall,6.92,Cash
387,126,45,2022-12-03 03:55:00,2022-12-03 04:29:00,Station,Mall,17.77,Cash
388,187,27,2022-09-12 20:05:00,2022-09-12 20:34:00,Station,Station,46.96,Wallet
389,96,4,2022-06-12 05:04:00,2022-06-12 05:48:00,Station,Airport,72.41,Wallet
390,146,2,2021-06-27 06:56:00,2021-06-27 07:26:00,Airport,Downtown,84.51,Cash
391,13,24,2022-12-23 06:17:00,2022-12-23 07:09:00,Suburbs,Station,83.23,Wallet
392,32,44,2021-02-01 07:23:00,2021-02-01 08:30:00,Airport,Station,61.43,Wallet
393,142,23,2021-12-19 05:53:00,2021-12-19 06:31:00,Downtown,Mall,76.15,Card
394,99,4,2021-06-16 18:49:00,2021-06-16 19:21:00,Airport,Airport,86.43,Cash
395,167,27,2022-06-10 00:55:00,2022-06-10 01:01:00,Airport,Airport,50.04,Wallet
396,3,15,2021-09-16 19:51:00,2021-09-16 20:35:00,Mall,Station,72.71,Cash
397,90,30,2021-09-16 06:29:00,2021-09-16 07:12:00,Suburbs,Station,69.33,Wallet
398,27,1,2022-06-08 21:53:00,2022-06-08 22:45:00,Suburbs,Suburbs,58.34,Cash
399,77,44,2021-04-21 15:04:00,2021-04-21 15:52:00,Mall,Mall,98.89,Cash
400,168,46,2023-09-03 20:19:00,2023-09-03 20:48:00,Airport,Downtown,19.24,Wallet
401,104,43,2021-11-24 21:08:00,2021-11-24 21:16:00,Mall,Mall,67.26,Cash
402,104,25,2023-01-25 01:37:00,2023-01-25 02:55:00,Mall,Airport,82.52,Wallet
403,137,41,2023-03-15 15:58:00,2023-03-15 17:28:00,Mall,Airport,39.06,Wallet
404,143,12,2021-10-28 03:30:00,2021-10-28 03:51:00,Suburbs,Airport,75.39,Wallet
405,86,42,2021-04-02 07:22:00,2021-04-02 07:55:00,Mall,Station,75.7,Cash
406,96,17,2022-08-23 09:29:00,2022-08-23 09:49:00,Suburbs,Suburbs,49.7,Wallet
407,19,31,2023-06-30 06:32:00,2023-06-30 06:52:00,Station,Suburbs,87.41,Cash
408,106,4,2023-06-11 04:08:00,2023-06-11 04:38:00,Suburbs,Station,37.55,Card
409,81,46,2021-07-04 02:31:00,2021-07-04 03:18:00,Airport,Mall,64.95,Wallet
410,15,1,2022-04-08 08:13:00,2022-04-08 08:39:00,Airport,Station,59.75,Card
411,34,40,2022-03-21 20:27:00,2022-03-21 21:23:00,Station,Station,45.76,Card
412,10,35,2021-07-24 23:23:00,2021-07-24 23:29:00,Suburbs,Airport,89.74,Card
413,174,1,2022-10-04 23:15:00,2022-10-04 23:48:00,Mall,Mall,70.88,Card
414,27,25,2022-05-31 18:19:00,2022-05-31 18:45:00,Downtown,Mall,11.2,Cash
415,117,47,2022-06-17 19:33:00,2022-06-17 20:21:00,Airport,Mall,46.2,Cash
416,92,49,2021-07-12 05:58:00,2021-07-12 06:54:00,Airport,Airport,6.82,Card
417,188,2,2022-08-27 16:10:00,2022-08-27 16:30:00,Downtown,Station,39.83,Wallet
418,66,50,2022-07-02 19:03:00,2022-07-02 20:24:00,Downtown,Downtown,99.49,Card
419,177,8,2022-03-03 14:24:00,2022-03-03 14:44:00,Station,Airport,56.99,Card
420,178,44,2022-10-08 00:19:00,2022-10-08 01:17:00,Suburbs,Mall,67.86,Wallet
421,156,45,2021-05-21 13:53:00,2021-05-21 14:11:00,Suburbs,Downtown,53.6,Cash
422,30,7,2022-05-25 06:38:00,2022-05-25 07:08:00,Suburbs,Airport,78.91,Cash
423,181,27,2021-10-30 05:02:00,2021-10-30 06:17:00,Airport,Station,52.15,Cash
424,61,1,2021-01-14 21:05:00,2021-01-14 21:24:00,Station,Airport,84.35,Card
425,200,33,2021-03-18 23:46:00,2021-03-19 00:03:00,Airport,Station,90.95,Cash
426,68,30,2021-02-21 03:52:00,2021-02-21 04:19:00,Mall,Mall,88.04,Wallet
427,81,28,2023-01-27 03:06:00,2023-01-27 03:16:00,Airport,Airport,5.92,Cash
428,92,29,2023-09-06 19:17:00,2023-09-06 19:33:00,Mall,Airport,40.4,Card
429,103,26,2023-09-13 14:17:00,2023-09-13 15:11:00,Station,Station,70.54,Wallet
430,43,8,2021-05-16 22:46:00,2021-05-16 22:58:00,Airport,Downtown,98.25,Cash
431,152,31,2023-04-02 18:43:00,2023-04-02 19:44:00,Station,Mall,22.22,Wallet
432,8,44,2023-06-21 23:57:00,2023-06-22 00:18:00,Station,Downtown,50.89,Cash
433,113,3,2021-03-06 08:41:00,2021-03-06 09:26:00,Suburbs,Suburbs,6.17,Wallet
434,145,15,2023-09-06 21:55:00,2023-09-06 22:43:00,Suburbs,Downtown,54.31,Cash
435,170,47,2021-09-12 15:22:00,2021-09-12 16:51:00,Station,Airport,69.25,Wallet
436,157,4,2021-01-12 20:59:00,2021-01-12 21:24:00,Station,Station,53.03,Card
437,20,49,2022-05-19 10:15:00,2022-05-19 11:02:00,Downtown,Suburbs,97.16,Card
438,141,42,2022-01-23 12:52:00,2022-01-23 13:27:00,Station,Suburbs,12.49,Cash
439,23,32,2022-04-03 10:07:00,2022-04-03 11:15:00,Downtown,Downtown,75.8,Cash
440,106,3,2022-07-25 17:00:00,2022-07-25 17:16:00,Suburbs,Mall,80.22,Wallet
441,144,14,2022-11-02 21:29:00,2022-11-02 22:17:00,Downtown,Airport,39.52,Cash
442,85,36,2023-02-25 19:38:00,2023-02-25 20:43:00,Mall,Station,73.08,Card
443,25,49,2022-11-06 07:00:00,2022-11-06 07:48:00,Mall,Suburbs,38.74,Wallet
444,96,45,2021-04-19 01:57:00,2021-04-19 02:23:00,Station,Downtown,51.78,Cash
445,157,13,2021-07-12 03:59:00,2021-07-12 04:54:00,Airport,Mall,25.48,Card
446,194,27,2021-02-17 20:53:00,2021-02-17 22:13:00,Station,Station,16.71,Wallet
447,151,33,2021-05-18 15:00:00,2021-05-18 16:12:00,Suburbs,Station,74.94,Wallet
448,124,33,2023-03-11 05:44:00,2023-03-11 07:03:00,Airport,Downtown,21.5,Cash
449,169,39,2022-09-13 10:32:00,2022-09-13 11:26:00,Suburbs,Airport,44.77,Cash
450,102,22,2023-09-21 09:28:00,2023-09-21 09:50:00,Suburbs,Suburbs,18.13,Cash
451,180,36,2023-06-01 10:45:00,2023-06-01 12:00:00,Airport,Airport,65.1,Wallet
452,183,19,2022-12-05 11:58:00,2022-12-05 12:19:00,Airport,Suburbs,98.23,Wallet
453,178,41,2021-11-27 22:07:00,2021-11-27 22:57:00,Suburbs,Suburbs,58.42,Wallet
454,182,27,2022-11-22 23:57:00,2022-11-23 01:10:00,Station,Downtown,32.16,Wallet
455,28,2,2022-01-26 04:03:00,2022-01-26 05:33:00,Mall,Airport,10.38,Cash
456,175,17,2021-05-30 01:44:00,2021-05-30 02:26:00,Suburbs,Downtown,24.38,Cash
457,116,7,2022-09-23 21:47:00,2022-09-23 23:03:00,Suburbs,Station,87.16,Card
458,131,45,2021-10-22 22:42:00,2021-10-22 22:53:00,Station,Station,93.02,Wallet
459,81,36,2021-02-25 00:47:00,2021-02-25 01:24:00,Station,Airport,24.29,Wallet
460,181,46,2022-10-26 11:48:00,2022-10-26 13:08:00,Suburbs,Airport,56.93,Wallet
461,50,19,2022-04-05 05:43:00,2022-04-05 05:57:00,Airport,Suburbs,22.76,Card
462,97,3,2022-03-15 08:35:00,2022-03-15 09:13:00,Suburbs,Mall,17.36,Card
463,85,30,2022-12-28 04:02:00,2022-12-28 04:26:00,Suburbs,Downtown,93.22,Wallet
464,158,43,2021-11-05 15:50:00,2021-11-05 17:08:00,Downtown,Mall,57.27,Wallet
465,57,12,2022-06-18 02:50:00,2022-06-18 03:59:00,Suburbs,Suburbs,20.14,Cash
466,24,23,2021-08-15 06:42:00,2021-08-15 07:29:00,Mall,Airport,36.45,Wallet
467,136,31,2022-07-29 20:00:00,2022-07-29 20:19:00,Station,Airport,68.55,Wallet
468,158,40,2021-09-07 01:43:00,2021-09-07 02:29:00,Downtown,Station,41.23,Cash
469,139,47,2021-10-17 00:58:00,2021-10-17 02:09:00,Mall,Suburbs,83.1,Wallet
470,115,32,2021-02-14 09:57:00,2021-02-14 11:25:00,Suburbs,Downtown,23.29,Card
471,43,50,2022-07-05 17:00:00,2022-07-05 18:25:00,Airport,Station,11.22,Card
472,53,35,2023-04-29 22:56:00,2023-04-29 23:56:00,Downtown,Airport,66.42,Card
473,118,46,2021-12-06 01:05:00,2021-12-06 01:19:00,Mall,Suburbs,10.16,Card
474,148,15,2023-07-22 08:26:00,2023-07-22 09:20:00,Station,Station,47.86,Cash
475,5,25,2022-11-21 03:34:00,2022-11-21 03:39:00,Suburbs,Downtown,65.94,Wallet
476,150,3,2022-12-19 02:22:00,2022-12-19 03:31:00,Mall,Suburbs,15.08,Card
477,73,49,2023-08-07 14:24:00,2023-08-07 15:19:00,Downtown,Station,83.1,Card
478,137,15,2021-05-20 23:25:00,2021-05-21 00:39:00,Airport,Mall,33.02,Wallet
479,187,42,2022-01-18 00:35:00,2022-01-18 01:51:00,Downtown,Downtown,18.43,Wallet
480,153,26,2022-07-05 17:05:00,2022-07-05 17:49:00,Mall,Airport,24.96,Cash
481,166,33,2021-05-26 05:11:00,2021-05-26 05:44:00,Mall,Airport,63.6,Card
482,47,43,2023-03-30 18:54:00,2023-03-30 19:05:00,Suburbs,Station,85.88,Wallet
483,141,5,2021-10-25 21:04:00,2021-10-25 21:41:00,Suburbs,Station,14.33,Cash
484,92,9,2022-11-19 20:15:00,2022-11-19 20:32:00,Downtown,Airport,32.09,Cash
485,125,29,2021-12-03 19:42:00,2021-12-03 20:26:00,Airport,Suburbs,70.88,Wallet
486,94,21,2023-09-09 13:10:00,2023-09-09 13:15:00,Airport,Station,34.76,Cash
487,93,9,2022-11-27 23:21:00,2022-11-28 00:27:00,Mall,Mall,48.97,Cash
488,142,7,2021-06-29 20:38:00,2021-06-29 20:53:00,Airport,Suburbs,84.97,Card
489,68,47,2023-06-27 20:04:00,2023-06-27 20:18:00,Suburbs,Downtown,89.75,Wallet
490,149,26,2023-02-27 18:13:00,2023-02-27 18:22:00,Suburbs,Suburbs,57.4,Cash
491,168,50,2021-06-02 11:25:00,2021-06-02 11:58:00,Suburbs,Mall,89.69,Card
492,119,33,2022-06-07 02:25:00,2022-06-07 03:16:00,Airport,Suburbs,52.71,Wallet
493,43,49,2022-06-11 04:28:00,2022-06-11 04:53:00,Suburbs,Airport,22.02,Wallet
494,188,31,2023-08-20 11:02:00,2023-08-20 11:35:00,Airport,Downtown,77.34,Cash
495,95,15,2021-02-13 21:13:00,2021-02-13 22:24:00,Mall,Station,91.23,Cash
496,117,3,2021-02-10 20:20:00,2021-02-10 20:38:00,Suburbs,Mall,71.85,Wallet
497,68,38,2022-07-12 18:11:00,2022-07-12 19:04:00,Mall,Suburbs,67.1,Wallet
498,20,34,2021-09-15 12:58:00,2021-09-15 13:31:00,Mall,Mall,54.06,Cash
499,124,39,2021-01-07 16:56:00,2021-01-07 17:18:00,Airport,Downtown,46.79,Wallet
500,165,18,2021-08-05 04:11:00,2021-08-05 04:36:00,Downtown,Airport,39.41,Cash
501,85,47,2021-04-27 15:43:00,2021-04-27 16:49:00,Suburbs,Airport,50.51,Wallet
502,106,2,2021-09-07 01:08:00,2021-09-07 02:26:00,Airport,Suburbs,61.27,Card
503,147,10,2021-02-27 05:16:00,2021-02-27 05:44:00,Station,Suburbs,54.08,Wallet
504,164,2,2023-06-19 23:46:00,2023-06-20 01:15:00,Downtown,Airport,83.02,Cash
505,156,31,2023-06-08 15:10:00,2023-06-08 15:43:00,Suburbs,Airport,83.88,Wallet
506,197,12,2022-10-01 21:32:00,2022-10-01 22:10:00,Mall,Station,20.93,Wallet
507,152,5,2021-08-24 12:24:00,2021-08-24 12:45:00,Airport,Suburbs,15.31,Wallet
508,176,27,2023-04-27 04:38:00,2023-04-27 04:55:00,Suburbs,Suburbs,21.86,Card
509,137,33,2023-02-10 03:05:00,2023-02-10 04:11:00,Suburbs,Suburbs,67.64,Card
510,199,44,2022-10-27 13:33:00,2022-10-27 14:31:00,Downtown,Suburbs,40.19,Cash
511,59,31,2023-03-20 12:22:00,2023-03-20 13:42:00,Suburbs,Downtown,81.44,Cash
512,35,17,2022-05-04 07:58:00,2022-05-04 08:13:00,Suburbs,Station,31.91,Cash
513,49,1,2022-12-28 23:50:00,2022-12-28 23:55:00,Downtown,Suburbs,59.91,Card
514,97,42,2021-07-30 22:51:00,2021-07-30 23:36:00,Downtown,Airport,43.84,Cash
515,167,38,2021-09-17 08:54:00,2021-09-17 10:07:00,Mall,Suburbs,45.24,Cash
516,175,26,2023-02-13 06:26:00,2023-02-13 07:41:00,Station,Airport,79.46,Cash
517,144,36,2022-05-11 08:19:00,2022-05-11 09:37:00,Station,Airport,37.71,Wallet
518,31,48,2021-08-24 14:50:00,2021-08-24 15:15:00,Suburbs,Station,14.53,Cash
519,141,40,2022-12-15 21:45:00,2022-12-15 21:56:00,Downtown,Downtown,20.27,Card
520,121,39,2022-03-22 02:04:00,2022-03-22 02:42:00,Downtown,Suburbs,26.07,Card
521,186,25,2023-08-12 12:39:00,2023-08-12 14:07:00,Suburbs,Downtown,54.5,Card
522,164,32,2022-03-26 00:12:00,2022-03-26 01:41:00,Suburbs,Mall,93.42,Card
523,9,39,2022-06-07 16:44:00,2022-06-07 17:18:00,Downtown,Mall,63.44,Card
524,168,1,2023-09-27 05:05:00,2023-09-27 05:45:00,Mall,Station,79.07,Cash
525,151,13,2022-06-15 00:47:00,2022-06-15 01:00:00,Suburbs,Mall,92.32,Wallet
526,144,38,2021-12-23 11:52:00,2021-12-23 12:32:00,Airport,Station,26.5,Cash
527,148,1,2021-09-25 05:26:00,2021-09-25 06:35:00,Downtown,Suburbs,15.11,Cash
528,88,8,2023-04-03 16:16:00,2023-04-03 17:29:00,Suburbs,Mall,82.25,Wallet
529,114,25,2022-07-31 15:49:00,2022-07-31 16:25:00,Station,Station,76.96,Wallet
530,8,31,2021-04-30 08:04:00,2021-04-30 08:57:00,Airport,Airport,65.2,Cash
531,106,23,2022-06-13 17:00:00,2022-06-13 17:38:00,Downtown,Station,28.58,Wallet
532,192,22,2021-03-19 17:59:00,2021-03-19 18:26:00,Mall,Airport,50.27,Wallet
533,69,12,2023-08-28 23:43:00,2023-08-29 00:12:00,Airport,Airport,52.4,Wallet
534,62,17,2021-07-31 07:12:00,2021-07-31 07:48:00,Mall,Airport,84.45,Card
535,31,6,2022-11-24 21:31:00,2022-11-24 22:54:00,Suburbs,Downtown,5.63,Cash
536,96,40,2021-11-19 15:57:00,2021-11-19 17:15:00,Station,Airport,87.53,Wallet
537,72,26,2021-08-16 18:08:00,2021-08-16 18:19:00,Station,Station,54.94,Wallet
538,9,33,2021-12-22 12:55:00,2021-12-22 13:22:00,Downtown,Suburbs,48.43,Cash
539,81,45,2021-01-09 00:43:00,2021-01-09 01:14:00,Downtown,Mall,41.05,Cash
540,157,17,2021-07-11 17:16:00,2021-07-11 17:51:00,Suburbs,Mall,30.59,Cash
541,48,32,2022-03-11 06:26:00,2022-03-11 07:18:00,Station,Mall,39.68,Cash
542,47,37,2021-05-15 18:43:00,2021-05-15 19:17:00,Mall,Airport,82.35,Wallet
543,111,25,2021-07-20 04:51:00,2021-07-20 05:15:00,Downtown,Airport,49.93,Cash
544,128,9,2023-07-04 20:33:00,2023-07-04 21:46:00,Station,Mall,73.45,Cash
545,144,37,2021-02-18 12:06:00,2021-02-18 12:31:00,Mall,Station,10.7,Wallet
546,25,29,2023-02-02 10:16:00,2023-02-02 11:07:00,Suburbs,Mall,39.23,Cash
547,6,27,2021-05-05 11:55:00,2021-05-05 13:17:00,Suburbs,Suburbs,23.9,Card
548,200,19,2021-12-30 10:43:00,2021-12-30 11:53:00,Station,Downtown,51.31,Cash
549,158,19,2022-04-20 20:09:00,2022-04-20 20:35:00,Mall,Station,65.86,Wallet
550,157,37,2022-02-19 02:05:00,2022-02-19 02:30:00,Mall,Mall,37.64,Wallet
551,75,46,2021-10-01 19:41:00,2021-10-01 20:36:00,Station,Mall,30.77,Wallet
552,151,34,2023-09-16 14:26:00,2023-09-16 14:52:00,Downtown,Airport,22.47,Wallet
553,61,43,2021-09-15 23:44:00,2021-09-15 23:59:00,Station,Downtown,25.0,Card
554,17,31,2022-07-16 01:01:00,2022-07-16 01:56:00,Downtown,Downtown,54.78,Cash
555,159,10,2021-03-28 20:59:00,2021-03-28 21:53:00,Airport,Mall,34.39,Cash
556,161,9,2021-05-15 16:53:00,2021-05-15 17:19:00,Mall,Mall,7.71,Cash
557,120,35,2023-08-16 08:35:00,2023-08-16 09:36:00,Suburbs,Airport,17.84,Wallet
558,153,30,2022-10-09 23:40:00,2022-10-10 00:57:00,Suburbs,Mall,46.32,Cash
559,124,35,2021-08-21 02:28:00,2021-08-21 03:12:00,Mall,Airport,39.75,Cash
560,3,1,2022-06-20 04:22:00,2022-06-20 05:03:00,Downtown,Station,49.57,Cash
561,77,1,2023-02-24 13:51:00,2023-02-24 14:33:00,Downtown,Suburbs,61.72,Cash
562,49,27,2023-06-23 17:27:00,2023-06-23 18:22:00,Station,Station,28.74,Card
563,68,6,2022-03-09 20:15:00,2022-03-09 21:26:00,Suburbs,Mall,77.63,Cash
564,167,48,2022-06-29 08:26:00,2022-06-29 08:55:00,Airport,Airport,86.08,Cash
565,29,41,2022-04-12 19:28:00,2022-04-12 20:07:00,Station,Airport,71.54,Cash
566,5,10,2021-02-20 17:01:00,2021-02-20 17:29:00,Mall,Mall,97.37,Card
567,184,29,2023-01-15 00:14:00,2023-01-15 00:30:00,Station,Airport,19.31,Cash
568,108,20,2023-03-16 15:23:00,2023-03-16 16:27:00,Downtown,Mall,71.21,Card
569,193,10,2021-02-27 08:49:00,2021-02-27 09:44:00,Station,Airport,11.78,Card
570,65,25,2023-04-29 00:07:00,2023-04-29 00:43:00,Station,Airport,41.56,Wallet
571,9,13,2022-04-17 23:49:00,2022-04-18 00:06:00,Airport,Station,54.51,Cash
572,175,20,2023-08-17 10:10:00,2023-08-17 11:35:00,Suburbs,Suburbs,74.18,Card
573,65,31,2022-10-16 09:12:00,2022-10-16 10:03:00,Airport,Downtown,89.31,Card
574,163,28,2021-11-29 00:10:00,2021-11-29 00:50:00,Station,Airport,60.55,Card
575,11,38,2023-03-14 22:30:00,2023-03-14 23:51:00,Downtown,Airport,19.72,Card
576,128,6,2022-12-04 19:21:00,2022-12-04 20:46:00,Mall,Airport,10.7,Wallet
577,138,7,2021-05-09 15:14:00,2021-05-09 15:59:00,Mall,Station,98.26,Wallet
578,50,2,2022-12-07 12:22:00,2022-12-07 12:44:00,Downtown,Station,28.82,Wallet
579,113,36,2021-10-29 17:44:00,2021-10-29 18:51:00,Airport,Suburbs,23.03,Cash
580,83,47,2022-04-25 08:55:00,2022-04-25 10:16:00,Suburbs,Airport,91.88,Card
581,136,10,2022-04-06 09:52:00,2022-04-06 10:30:00,Station,Downtown,56.45,Wallet
582,130,25,2023-01-22 05:56:00,2023-01-22 06:03:00,Mall,Suburbs,63.87,Card
583,83,47,2021-03-06 21:34:00,2021-03-06 22:28:00,Station,Suburbs,23.04,Card
584,157,19,2021-11-27 13:41:00,2021-11-27 14:27:00,Suburbs,Downtown,15.49,Card
585,34,12,2023-06-14 01:12:00,2023-06-14 01:30:00,Downtown,Downtown,51.11,Wallet
586,165,25,2022-11-05 15:33:00,2022-11-05 16:57:00,Mall,Downtown,71.62,Cash
587,57,39,2023-01-06 02:00:00,2023-01-06 02:31:00,Downtown,Station,67.3,Wallet
588,16,24,2022-07-26 23:56:00,2022-07-27 00:54:00,Downtown,Suburbs,83.09,Cash
589,136,3,2023-01-22 02:53:00,2023-01-22 03:36:00,Airport,Suburbs,12.4,Card
590,26,47,2021-08-25 17:24:00,2021-08-25 17:53:00,Airport,Suburbs,23.35,Wallet
591,46,36,2023-02-07 17:26:00,2023-02-07 17:44:00,Suburbs,Mall,77.8,Wallet
592,118,45,2022-11-13 13:56:00,2022-11-13 14:14:00,Airport,Suburbs,20.85,Cash
593,130,22,2022-11-05 05:34:00,2022-11-05 06:55:00,Mall,Mall,47.09,Wallet
594,84,24,2022-02-27 20:27:00,2022-02-27 21:13:00,Suburbs,Suburbs,62.8,Card
595,97,50,2022-07-18 23:16:00,2022-07-19 00:07:00,Station,Station,96.36,Card
596,186,3,2021-10-19 19:01:00,2021-10-19 20:12:00,Mall,Downtown,17.83,Cash
597,57,14,2023-05-27 10:01:00,2023-05-27 10:41:00,Suburbs,Suburbs,92.32,Wallet
598,147,10,2021-04-07 01:29:00,2021-04-07 02:19:00,Mall,Mall,19.83,Wallet
599,64,15,2021-09-20 09:05:00,2021-09-20 10:23:00,Airport,Downtown,42.98,Wallet
600,84,31,2021-06-27 15:52:00,2021-06-27 17:10:00,Downtown,Suburbs,82.85,Wallet
601,77,3,2023-01-19 18:24:00,2023-01-19 18:39:00,Mall,Mall,79.11,Cash
602,107,8,2023-06-10 07:47:00,2023-06-10 09:15:00,Downtown,Station,85.7,Card
603,79,34,2021-02-12 10:34:00,2021-02-12 11:51:00,Suburbs,Airport,19.21,Card
604,13,44,2023-01-20 12:28:00,2023-01-20 13:49:00,Downtown,Airport,59.65,Cash
605,75,26,2021-06-01 04:21:00,2021-06-01 04:36:00,Downtown,Suburbs,50.21,Cash
606,68,6,2022-02-13 16:27:00,2022-02-13 16:48:00,Station,Suburbs,77.39,Card
607,125,26,2022-10-30 18:12:00,2022-10-30 19:28:00,Suburbs,Airport,63.52,Card
608,19,18,2023-03-07 13:20:00,2023-03-07 14:38:00,Station,Station,13.51,Cash
609,90,13,2021-11-25 11:38:00,2021-11-25 13:06:00,Mall,Airport,7.3,Cash
610,158,29,2022-10-01 04:28:00,2022-10-01 04:38:00,Airport,Airport,92.8,Wallet
611,96,10,2023-02-15 23:54:00,2023-02-16 00:09:00,Downtown,Airport,15.68,Wallet
612,38,19,2021-01-15 10:44:00,2021-01-15 11:03:00,Station,Downtown,33.99,Cash
613,54,48,2022-07-05 06:13:00,2022-07-05 07:27:00,Mall,Suburbs,54.71,Cash
614,160,47,2021-05-25 22:44:00,2021-05-26 00:14:00,Suburbs,Suburbs,6.75,Card
615,66,11,2021-03-03 09:12:00,2021-03-03 10:36:00,Station,Downtown,30.77,Card
616,100,43,2021-10-05 21:54:00,2021-10-05 23:23:00,Downtown,Downtown,39.22,Cash
617,167,25,2021-08-25 12:32:00,2021-08-25 12:49:00,Station,Suburbs,90.87,Wallet
618,23,12,2021-07-23 16:29:00,2021-07-23 17:45:00,Downtown,Downtown,93.0,Card
619,136,20,2021-12-08 15:25:00,2021-12-08 15:50:00,Mall,Mall,6.75,Wallet
620,78,16,2022-05-29 08:51:00,2022-05-29 09:03:00,Station,Downtown,64.45,Wallet
621,72,15,2021-06-05 10:57:00,2021-06-05 11:52:00,Downtown,Station,67.41,Wallet
622,174,40,2023-06-13 20:43:00,2023-06-13 21:17:00,Suburbs,Airport,44.65,Cash
623,80,39,2021-12-04 14:34:00,2021-12-04 14:55:00,Airport,Suburbs,24.64,Wallet
624,176,13,2023-06-03 04:19:00,2023-06-03 05:31:00,Station,Airport,91.41,Wallet
625,145,11,2021-11-22 02:35:00,2021-11-22 03:48:00,Downtown,Airport,95.12,Cash
626,38,47,2021-01-31 10:56:00,2021-01-31 11:53:00,Mall,Station,96.31,Wallet
627,164,48,2021-10-08 04:49:00,2021-10-08 05:18:00,Airport,Downtown,15.14,Wallet
628,158,18,2022-09-13 18:39:00,2022-09-13 19:13:00,Airport,Downtown,61.65,Cash
629,21,45,2023-03-10 15:08:00,2023-03-10 16:17:00,Station,Mall,85.38,Card
630,100,32,2022-05-01 04:10:00,2022-05-01 04:39:00,Station,Downtown,26.5,Cash
631,106,15,2023-01-31 21:12:00,2023-01-31 21:43:00,Station,Suburbs,11.28,Cash
632,177,21,2023-06-07 14:56:00,2023-06-07 15:32:00,Downtown,Suburbs,45.62,Wallet
633,98,47,2021-11-17 12:39:00,2021-11-17 13:57:00,Suburbs,Downtown,61.41,Wallet
634,28,29,2022-04-13 01:56:00,2022-04-13 02:32:00,Station,Downtown,54.28,Wallet
635,100,34,2023-02-23 20:03:00,2023-02-23 20:32:00,Station,Mall,32.66,Cash
636,119,11,2022-03-09 09:39:00,2022-03-09 09:50:00,Airport,Station,70.55,Wallet
637,116,6,2023-01-10 16:07:00,2023-01-10 16:35:00,Suburbs,Airport,78.98,Cash
638,106,21,2022-04-07 00:11:00,2022-04-07 01:14:00,Airport,Station,61.08,Card
639,65,21,2022-12-10 20:58:00,2022-12-10 21:23:00,Downtown,Downtown,73.25,Card
640,181,29,2022-10-12 11:05:00,2022-10-12 12:17:00,Suburbs,Suburbs,72.19,Card
641,97,36,2022-01-25 01:49:00,2022-01-25 02:15:00,Suburbs,Airport,91.66,Card
642,38,12,2023-02-27 22:03:00,2023-02-27 23:01:00,Station,Mall,34.27,Wallet
643,47,8,2023-07-10 04:12:00,2023-07-10 04:17:00,Mall,Downtown,64.14,Cash
644,128,32,2022-07-11 00:38:00,2022-07-11 01:46:00,Suburbs,Station,27.6,Cash
645,105,29,2021-03-23 19:38:00,2021-03-23 19:43:00,Suburbs,Mall,28.25,Wallet
646,161,36,2023-04-20 06:03:00,2023-04-20 06:31:00,Mall,Downtown,19.08,Card
647,9,43,2022-08-15 19:19:00,2022-08-15 20:06:00,Downtown,Downtown,92.44,Cash
648,46,11,2022-11-20 09:39:00,2022-11-20 11:08:00,Suburbs,Suburbs,70.69,Wallet
649,46,30,2023-02-07 18:23:00,2023-02-07 18:32:00,Mall,Mall,13.85,Cash
650,98,5,2023-02-16 13:53:00,2023-02-16 15:08:00,Station,Airport,11.17,Card
651,178,18,2021-12-04 16:26:00,2021-12-04 17:38:00,Airport,Suburbs,24.94,Card
652,28,37,2023-01-18 20:33:00,2023-01-18 20:49:00,Suburbs,Mall,50.95,Cash
653,156,21,2021-09-23 16:36:00,2021-09-23 18:00:00,Airport,Suburbs,38.62,Wallet
654,128,34,2023-01-17 20:31:00,2023-01-17 21:39:00,Suburbs,Airport,81.76,Wallet
655,75,13,2021-01-02 03:01:00,2021-01-02 04:05:00,Downtown,Airport,64.42,Wallet
656,107,27,2021-02-16 10:22:00,2021-02-16 11:38:00,Airport,Downtown,81.57,Wallet
657,52,45,2021-10-16 08:50:00,2021-10-16 09:03:00,Suburbs,Suburbs,34.24,Cash
658,197,1,2021-04-27 21:21:00,2021-04-27 22:09:00,Suburbs,Suburbs,42.62,Card
659,45,13,2021-12-05 10:59:00,2021-12-05 12:05:00,Downtown,Airport,92.04,Cash
660,40,41,2022-04-17 17:57:00,2022-04-17 18:44:00,Station,Downtown,48.93,Wallet
661,77,37,2023-01-13 21:20:00,2023-01-13 22:36:00,Airport,Suburbs,55.91,Wallet
662,85,23,2021-03-09 04:17:00,2021-03-09 04:25:00,Station,Suburbs,37.22,Card
663,147,39,2022-02-03 05:38:00,2022-02-03 05:57:00,Mall,Mall,87.14,Wallet
664,9,18,2022-02-28 02:31:00,2022-02-28 03:06:00,Mall,Airport,40.3,Wallet
665,78,12,2021-04-25 11:50:00,2021-04-25 11:59:00,Downtown,Station,78.89,Wallet
666,7,31,2023-07-16 16:09:00,2023-07-16 16:38:00,Station,Suburbs,37.31,Cash
667,199,21,2021-05-27 03:52:00,2021-05-27 05:03:00,Airport,Airport,69.29,Wallet
668,10,30,2022-02-01 22:55:00,2022-02-02 00:06:00,Mall,Downtown,16.0,Wallet
669,153,6,2021-12-08 14:56:00,2021-12-08 15:06:00,Mall,Downtown,14.79,Wallet
670,195,20,2022-10-17 06:20:00,2022-10-17 06:50:00,Mall,Suburbs,23.29,Cash
671,198,29,2022-11-19 03:17:00,2022-11-19 03:41:00,Downtown,Downtown,19.96,Wallet
672,144,33,2021-04-15 06:34:00,2021-04-15 07:23:00,Mall,Airport,57.19,Wallet
673,73,37,2021-09-08 05:04:00,2021-09-08 05:48:00,Mall,Suburbs,63.26,Cash
674,13,9,2021-01-30 15:57:00,2021-01-30 16:08:00,Downtown,Downtown,15.06,Cash
675,101,12,2022-12-23 19:57:00,2022-12-23 21:17:00,Station,Suburbs,64.8,Cash
676,80,22,2023-04-18 06:45:00,2023-04-18 08:15:00,Downtown,Station,81.88,Wallet
677,34,6,2023-04-13 22:29:00,2023-04-13 22:46:00,Station,Station,48.28,Card
678,58,10,2023-06-01 19:16:00,2023-06-01 20:07:00,Mall,Mall,42.25,Cash
679,125,2,2021-03-08 15:07:00,2021-03-08 15:56:00,Airport,Mall,50.47,Cash
680,155,37,2021-05-11 16:06:00,2021-05-11 17:02:00,Downtown,Mall,82.67,Wallet
681,167,5,2023-03-23 09:34:00,2023-03-23 10:38:00,Station,Airport,43.08,Wallet
682,63,36,2021-06-12 15:24:00,2021-06-12 15:37:00,Suburbs,Station,37.37,Cash
683,146,22,2022-07-12 22:15:00,2022-07-12 22:42:00,Downtown,Suburbs,67.95,Cash
684,30,38,2022-09-03 14:20:00,2022-09-03 15:36:00,Station,Airport,14.28,Cash
685,104,5,2022-09-05 03:43:00,2022-09-05 05:04:00,Station,Mall,78.28,Cash
686,166,43,2021-03-04 02:13:00,2021-03-04 02:35:00,Downtown,Airport,89.29,Wallet
687,39,29,2022-06-29 09:24:00,2022-06-29 10:47:00,Airport,Airport,59.9,Wallet
688,82,20,2022-08-07 21:19:00,2022-08-07 22:19:00,Mall,Downtown,73.19,Wallet
689,3,40,2022-06-07 12:54:00,2022-06-07 13:15:00,Downtown,Mall,85.99,Wallet
690,14,1,2022-12-22 17:52:00,2022-12-22 18:42:00,Mall,Downtown,15.42,Card
691,111,45,2022-08-28 12:40:00,2022-08-28 13:25:00,Station,Station,72.62,Cash
692,140,14,2022-11-10 05:30:00,2022-11-10 05:52:00,Station,Mall,22.88,Cash
693,40,19,2023-06-13 21:08:00,2023-06-13 21:30:00,Downtown,Airport,6.1,Wallet
694,125,43,2022-03-24 04:05:00,2022-03-24 04:27:00,Station,Station,66.01,Wallet
695,155,28,2022-10-01 05:29:00,2022-10-01 06:39:00,Station,Station,45.29,Cash
696,58,12,2022-03-11 19:00:00,2022-03-11 20:18:00,Airport,Suburbs,52.32,Cash
697,106,35,2022-08-14 11:02:00,2022-08-14 11:11:00,Mall,Downtown,58.97,Wallet
698,124,45,2021-03-23 04:46:00,2021-03-23 05:58:00,Mall,Station,98.44,Wallet
699,21,34,2023-07-01 19:05:00,2023-07-01 19:41:00,Downtown,Suburbs,49.88,Wallet
700,80,40,2021-02-24 10:34:00,2021-02-24 10:40:00,Suburbs,Station,49.54,Wallet
701,188,22,2022-03-08 11:51:00,2022-03-08 12:33:00,Downtown,Suburbs,32.47,Wallet
702,78,47,2023-03-15 18:16:00,2023-03-15 18:28:00,Suburbs,Airport,64.78,Wallet
703,14,43,2021-10-26 23:39:00,2021-10-26 23:47:00,Downtown,Airport,32.25,Wallet
704,20,18,2021-09-16 04:39:00,2021-09-16 05:19:00,Mall,Downtown,31.15,Wallet
705,29,39,2021-06-28 18:47:00,2021-06-28 19:11:00,Mall,Airport,67.62,Cash
706,180,16,2022-05-12 05:51:00,2022-05-12 07:03:00,Mall,Downtown,86.89,Card
707,153,10,2023-05-08 15:48:00,2023-05-08 16:45:00,Airport,Station,78.18,Wallet
708,164,11,2021-08-04 18:46:00,2021-08-04 19:35:00,Mall,Downtown,10.16,Card
709,43,30,2022-02-13 15:19:00,2022-02-13 16:24:00,Suburbs,Airport,75.88,Cash
710,175,46,2022-02-04 15:16:00,2022-02-04 15:39:00,Station,Downtown,55.39,Cash
711,115,25,2022-11-26 10:33:00,2022-11-26 10:43:00,Suburbs,Mall,14.25,Cash
712,157,42,2023-05-29 08:21:00,2023-05-29 09:00:00,Downtown,Mall,30.37,Wallet
713,150,26,2022-04-18 21:47:00,2022-04-18 22:22:00,Suburbs,Airport,74.76,Wallet
714,87,44,2022-12-08 05:20:00,2022-12-08 06:35:00,Downtown,Downtown,6.0,Card
715,106,7,2022-06-22 03:43:00,2022-06-22 04:45:00,Mall,Mall,38.39,Card
716,9,2,2022-09-27 02:03:00,2022-09-27 03:24:00,Airport,Suburbs,67.38,Wallet
717,32,46,2023-09-08 03:05:00,2023-09-08 04:27:00,Suburbs,Airport,17.34,Card
718,179,12,2021-09-17 09:29:00,2021-09-17 10:58:00,Station,Mall,93.94,Cash
719,178,43,2023-02-28 10:16:00,2023-02-28 10:41:00,Mall,Downtown,79.17,Cash
720,100,22,2021-03-03 08:52:00,2021-03-03 09:30:00,Downtown,Station,21.9,Card
721,157,26,2021-07-02 20:31:00,2021-07-02 20:49:00,Station,Airport,18.67,Wallet
722,165,7,2023-07-24 14:45:00,2023-07-24 15:23:00,Downtown,Downtown,14.81,Wallet
723,187,17,2023-03-07 14:01:00,2023-03-07 15:09:00,Downtown,Downtown,19.14,Wallet
724,100,18,2021-06-05 22:21:00,2021-06-05 23:16:00,Suburbs,Station,59.59,Cash
725,112,26,2023-05-15 23:49:00,2023-05-16 00:02:00,Downtown,Station,56.31,Wallet
726,200,31,2021-05-05 18:34:00,2021-05-05 19:24:00,Mall,Station,36.68,Card
727,162,42,2021-04-03 11:34:00,2021-04-03 12:22:00,Station,Mall,12.64,Wallet
728,52,12,2022-07-22 01:24:00,2022-07-22 02:53:00,Station,Downtown,23.15,Wallet
729,177,23,2022-05-14 02:56:00,2022-05-14 04:21:00,Airport,Airport,46.61,Card
730,50,2,2023-01-08 18:15:00,2023-01-08 19:22:00,Suburbs,Mall,41.93,Cash
731,137,29,2023-09-17 00:02:00,2023-09-17 00:50:00,Downtown,Station,10.33,Card
732,55,42,2022-11-15 16:29:00,2022-11-15 17:42:00,Suburbs,Airport,19.15,Card
733,10,48,2021-05-25 15:41:00,2021-05-25 15:48:00,Suburbs,Downtown,49.77,Card
734,180,42,2021-05-14 00:11:00,2021-05-14 01:36:00,Mall,Downtown,9.75,Cash
735,157,11,2023-05-06 18:04:00,2023-05-06 18:22:00,Suburbs,Suburbs,15.85,Card
736,17,13,2022-03-13 10:51:00,2022-03-13 11:47:00,Suburbs,Suburbs,35.8,Card
737,83,14,2023-02-22 01:37:00,2023-02-22 02:04:00,Downtown,Mall,36.87,Card
738,194,27,2021-06-22 22:23:00,2021-06-22 23:38:00,Airport,Suburbs,20.68,Card
739,35,7,2023-03-22 20:39:00,2023-03-22 21:32:00,Downtown,Station,78.88,Card
740,2,1,2021-07-03 02:45:00,2021-07-03 04:13:00,Mall,Station,61.4,Wallet
741,198,31,2022-12-10 04:13:00,2022-12-10 04:36:00,Suburbs,Station,65.78,Cash
742,62,12,2022-09-18 22:02:00,2022-09-18 23:23:00,Station,Suburbs,22.1,Card
743,161,20,2021-12-23 13:00:00,2021-12-23 14:16:00,Downtown,Suburbs,27.39,Card
744,159,24,2023-06-03 17:32:00,2023-06-03 18:05:00,Airport,Mall,49.1,Card
745,50,8,2023-03-27 04:43:00,2023-03-27 05:48:00,Airport,Downtown,52.26,Card
746,166,24,2021-10-19 06:27:00,2021-10-19 07:04:00,Station,Downtown,36.76,Card
747,190,4,2023-08-06 17:11:00,2023-08-06 17:36:00,Station,Suburbs,79.62,Card
748,19,16,2023-01-09 14:37:00,2023-01-09 15:56:00,Airport,Mall,35.97,Card
749,200,8,2021-11-30 07:06:00,2021-11-30 07:41:00,Airport,Station,75.09,Card
750,19,31,2022-08-23 15:03:00,2022-08-23 16:03:00,Suburbs,Station,18.77,Card
751,100,24,2021-05-20 14:46:00,2021-05-20 15:15:00,Mall,Airport,65.04,Cash
752,33,3,2022-12-10 18:03:00,2022-12-10 18:43:00,Station,Station,17.97,Cash
753,44,49,2021-12-18 07:56:00,2021-12-18 08:38:00,Suburbs,Airport,62.35,Wallet
754,142,15,2021-03-30 13:54:00,2021-03-30 15:05:00,Airport,Suburbs,51.48,Cash
755,119,18,2021-01-15 23:27:00,2021-01-16 00:03:00,Station,Suburbs,28.54,Card
756,152,10,2023-07-25 18:57:00,2023-07-25 19:02:00,Downtown,Downtown,44.69,Cash
757,188,50,2022-06-01 01:27:00,2022-06-01 02:39:00,Downtown,Station,42.46,Cash
758,62,6,2022-07-26 00:44:00,2022-07-26 01:41:00,Airport,Mall,95.24,Cash
759,62,42,2021-04-03 00:30:00,2021-04-03 02:00:00,Station,Suburbs,33.96,Wallet
760,150,2,2023-09-27 14:29:00,2023-09-27 14:51:00,Station,Airport,88.05,Cash
761,161,30,2022-12-22 20:00:00,2022-12-22 21:25:00,Mall,Suburbs,11.72,Card
762,76,28,2023-02-10 08:44:00,2023-02-10 10:07:00,Airport,Downtown,56.53,Wallet
763,86,48,2023-08-13 01:32:00,2023-08-13 02:23:00,Downtown,Station,89.36,Cash
764,120,40,2021-02-11 11:23:00,2021-02-11 11:50:00,Downtown,Suburbs,66.58,Wallet
765,199,14,2021-05-22 10:15:00,2021-05-22 11:29:00,Station,Suburbs,15.79,Wallet
766,54,49,2023-02-02 07:20:00,2023-02-02 08:10:00,Suburbs,Station,90.3,Cash
767,14,5,2022-01-17 11:28:00,2022-01-17 12:35:00,Downtown,Station,52.64,Wallet
768,137,44,2023-04-26 17:57:00,2023-04-26 18:39:00,Mall,Downtown,47.94,Card
769,118,6,2021-03-24 12:57:00,2021-03-24 13:24:00,Downtown,Downtown,32.4,Card
770,71,8,2022-12-15 04:31:00,2022-12-15 04:55:00,Suburbs,Downtown,88.12,Cash
771,107,44,2022-07-09 04:30:00,2022-07-09 05:19:00,Downtown,Mall,44.91,Card
772,17,2,2023-06-12 07:53:00,2023-06-12 09:04:00,Station,Suburbs,66.24,Cash
773,168,42,2023-03-17 10:31:00,2023-03-17 11:51:00,Suburbs,Suburbs,68.26,Cash
774,118,20,2022-08-04 04:57:00,2022-08-04 05:41:00,Mall,Airport,21.32,Cash
775,96,19,2023-02-28 01:09:00,2023-02-28 01:59:00,Airport,Suburbs,32.02,Card
776,183,35,2021-10-20 05:11:00,2021-10-20 06:41:00,Airport,Airport,80.47,Card
777,11,21,2022-08-12 04:28:00,2022-08-12 05:06:00,Airport,Suburbs,40.12,Wallet
778,9,43,2021-11-21 11:09:00,2021-11-21 12:01:00,Airport,Suburbs,47.6,Cash
779,32,2,2022-02-19 15:49:00,2022-02-19 16:12:00,Mall,Airport,95.04,Card
780,190,35,2023-09-27 16:21:00,2023-09-27 17:48:00,Station,Mall,72.02,Wallet
781,171,10,2023-03-30 18:46:00,2023-03-30 19:47:00,Downtown,Station,37.18,Card
782,36,44,2022-07-19 03:19:00,2022-07-19 03:27:00,Airport,Station,43.15,Cash
783,24,21,2021-02-26 19:41:00,2021-02-26 20:10:00,Airport,Mall,60.43,Card
784,6,6,2022-07-06 14:43:00,2022-07-06 16:13:00,Suburbs,Station,95.97,Card
785,126,21,2022-09-10 19:32:00,2022-09-10 19:44:00,Mall,Station,91.3,Card
786,184,28,2022-01-14 12:23:00,2022-01-14 12:29:00,Mall,Mall,32.04,Cash
787,144,6,2021-08-09 23:56:00,2021-08-10 00:57:00,Station,Station,75.45,Cash
788,42,47,2023-09-21 13:46:00,2023-09-21 14:44:00,Suburbs,Suburbs,18.26,Card
789,37,14,2021-11-07 15:55:00,2021-11-07 17:07:00,Downtown,Suburbs,98.73,Cash
790,23,1,2022-02-24 20:58:00,2022-02-24 21:37:00,Suburbs,Station,44.38,Wallet
791,146,49,2023-07-26 04:12:00,2023-07-26 04:40:00,Mall,Suburbs,84.07,Cash
792,11,20,2023-05-05 18:19:00,2023-05-05 19:27:00,Station,Airport,58.13,Card
793,1,10,2021-09-26 09:40:00,2021-09-26 11:06:00,Mall,Station,49.89,Card
794,126,45,2022-10-23 07:01:00,2022-10-23 07:21:00,Station,Downtown,77.65,Wallet
795,191,24,2022-08-19 15:36:00,2022-08-19 16:36:00,Station,Downtown,87.49,Cash
796,132,47,2022-08-13 00:54:00,2022-08-13 01:32:00,Downtown,Airport,20.47,Cash
797,119,45,2021-05-19 11:10:00,2021-05-19 11:21:00,Station,Mall,30.9,Card
798,75,19,2022-06-27 20:59:00,2022-06-27 21:13:00,Airport,Downtown,53.82,Wallet
799,193,11,2022-07-11 10:55:00,2022-07-11 11:40:00,Mall,Mall,83.55,Wallet
800,179,45,2022-01-07 03:34:00,2022-01-07 04:53:00,Airport,Downtown,38.4,Card
801,133,19,2022-01-17 15:26:00,2022-01-17 16:14:00,Airport,Downtown,92.49,Card
802,40,33,2021-08-15 06:50:00,2021-08-15 08:06:00,Suburbs,Suburbs,63.28,Wallet
803,142,45,2023-02-14 03:26:00,2023-02-14 04:29:00,Downtown,Airport,92.02,Card
804,123,23,2021-11-16 22:23:00,2021-11-16 22:45:00,Suburbs,Suburbs,82.62,Cash
805,45,46,2021-11-08 00:47:00,2021-11-08 01:07:00,Airport,Airport,26.12,Cash
806,33,14,2021-05-14 02:27:00,2021-05-14 02:46:00,Station,Station,12.38,Card
807,51,7,2021-02-03 21:32:00,2021-02-03 22:52:00,Downtown,Mall,10.63,Card
808,17,20,2022-11-15 00:48:00,2022-11-15 01:05:00,Suburbs,Airport,79.33,Wallet
809,52,12,2022-11-18 11:01:00,2022-11-18 11:17:00,Mall,Suburbs,18.83,Cash
810,91,11,2023-05-26 16:49:00,2023-05-26 18:12:00,Suburbs,Downtown,27.97,Card
811,149,49,2021-01-15 16:13:00,2021-01-15 16:42:00,Airport,Suburbs,96.61,Card
812,186,7,2023-08-05 06:58:00,2023-08-05 08:07:00,Station,Mall,85.87,Wallet
813,151,12,2022-03-27 21:06:00,2022-03-27 21:34:00,Station,Station,84.3,Card
814,132,15,2022-02-22 03:48:00,2022-02-22 04:33:00,Downtown,Suburbs,16.74,Card
815,127,49,2022-01-05 22:18:00,2022-01-05 23:34:00,Downtown,Mall,73.6,Cash
816,30,25,2021-10-18 14:38:00,2021-10-18 15:22:00,Station,Airport,70.27,Wallet
817,105,19,2023-05-26 13:12:00,2023-05-26 13:25:00,Station,Mall,90.0,Card
818,4,44,2022-05-19 21:06:00,2022-05-19 22:01:00,Downtown,Downtown,46.62,Card
819,102,26,2022-12-13 18:06:00,2022-12-13 18:32:00,Airport,Mall,11.15,Card
820,153,26,2021-05-06 07:53:00,2021-05-06 08:52:00,Mall,Suburbs,73.89,Wallet
821,70,49,2023-03-20 20:25:00,2023-03-20 21:15:00,Suburbs,Station,50.2,Cash
822,131,18,2021-05-31 14:06:00,2021-05-31 14:26:00,Station,Airport,28.82,Wallet
823,35,2,2021-04-12 23:03:00,2021-04-12 23:16:00,Downtown,Airport,52.32,Cash
824,155,44,2021-12-01 04:19:00,2021-12-01 05:43:00,Downtown,Suburbs,64.21,Cash
825,120,13,2021-10-28 21:31:00,2021-10-28 22:38:00,Suburbs,Mall,52.96,Wallet
826,140,2,2023-09-03 01:27:00,2023-09-03 01:47:00,Mall,Station,41.44,Cash
827,118,3,2021-02-03 05:35:00,2021-02-03 07:04:00,Mall,Airport,86.73,Cash
828,111,9,2021-11-16 22:24:00,2021-11-16 23:31:00,Suburbs,Station,77.58,Wallet
829,142,44,2022-07-07 18:30:00,2022-07-07 19:35:00,Airport,Suburbs,58.41,Card
830,101,17,2022-05-22 18:24:00,2022-05-22 19:47:00,Mall,Mall,69.27,Card
831,8,38,2021-02-16 04:53:00,2021-02-16 05:44:00,Suburbs,Downtown,38.14,Wallet
832,88,25,2021-04-10 13:22:00,2021-04-10 14:12:00,Downtown,Airport,44.13,Card
833,61,42,2021-11-16 18:05:00,2021-11-16 18:18:00,Downtown,Mall,87.55,Card
834,6,35,2021-11-30 01:29:00,2021-11-30 02:58:00,Suburbs,Suburbs,87.02,Cash
835,69,2,2022-12-14 15:37:00,2022-12-14 15:44:00,Station,Suburbs,98.65,Cash
836,83,37,2021-04-11 15:06:00,2021-04-11 15:37:00,Suburbs,Mall,36.92,Card
837,158,20,2022-01-08 13:12:00,2022-01-08 14:20:00,Downtown,Suburbs,65.37,Card
838,74,17,2021-02-18 09:36:00,2021-02-18 10:32:00,Suburbs,Downtown,81.44,Wallet
839,149,7,2022-08-30 10:17:00,2022-08-30 10:30:00,Suburbs,Station,58.81,Cash
840,54,23,2023-03-26 02:41:00,2023-03-26 03:24:00,Mall,Station,52.94,Wallet
841,139,21,2021-07-24 13:25:00,2021-07-24 14:02:00,Station,Suburbs,64.37,Card
842,5,41,2022-12-22 16:55:00,2022-12-22 17:23:00,Airport,Station,59.8,Cash
843,164,35,2023-04-09 19:54:00,2023-04-09 20:54:00,Downtown,Suburbs,93.79,Card
844,94,30,2021-06-01 07:09:00,2021-06-01 07:52:00,Station,Mall,85.19,Card
845,163,14,2023-05-17 13:17:00,2023-05-17 13:58:00,Mall,Suburbs,66.37,Card
846,104,16,2021-04-27 04:12:00,2021-04-27 04:20:00,Mall,Station,28.33,Cash
847,144,28,2022-03-09 20:57:00,2022-03-09 21:06:00,Mall,Airport,24.19,Card
848,67,18,2022-11-06 17:11:00,2022-11-06 18:38:00,Station,Downtown,85.99,Card
849,22,21,2022-09-09 09:55:00,2022-09-09 10:08:00,Station,Mall,90.55,Wallet
850,169,6,2022-02-11 23:53:00,2022-02-12 00:15:00,Suburbs,Suburbs,27.42,Card
851,134,43,2023-04-29 18:49:00,2023-04-29 20:01:00,Downtown,Airport,28.92,Wallet
852,32,50,2023-04-07 10:21:00,2023-04-07 11:40:00,Airport,Station,75.04,Card
853,37,7,2021-06-29 06:17:00,2021-06-29 07:18:00,Suburbs,Downtown,43.8,Cash
854,137,24,2022-12-18 03:20:00,2022-12-18 04:34:00,Airport,Mall,45.26,Card
855,93,31,2023-01-03 11:52:00,2023-01-03 12:36:00,Suburbs,Downtown,7.0,Wallet
856,170,4,2022-12-09 21:15:00,2022-12-09 21:52:00,Mall,Mall,57.51,Wallet
857,32,35,2023-06-07 07:54:00,2023-06-07 08:55:00,Station,Mall,41.9,Cash
858,24,49,2021-08-30 09:13:00,2021-08-30 09:38:00,Mall,Station,92.01,Card
859,71,6,2023-04-23 15:30:00,2023-04-23 16:27:00,Mall,Station,93.02,Card
860,42,45,2021-09-25 16:04:00,2021-09-25 16:54:00,Suburbs,Mall,44.98,Cash
861,178,2,2023-02-20 01:41:00,2023-02-20 03:08:00,Station,Airport,22.46,Card
862,103,13,2022-10-06 09:20:00,2022-10-06 10:38:00,Airport,Airport,12.81,Wallet
863,183,50,2023-05-01 20:48:00,2023-05-01 21:09:00,Station,Mall,85.46,Cash
864,123,48,2021-05-17 08:11:00,2021-05-17 09:31:00,Mall,Airport,83.54,Card
865,107,24,2021-07-06 12:56:00,2021-07-06 13:49:00,Suburbs,Airport,94.75,Card
866,6,36,2022-10-25 19:40:00,2022-10-25 20:14:00,Station,Airport,91.15,Cash
867,180,11,2021-02-20 12:39:00,2021-02-20 13:38:00,Airport,Downtown,62.04,Cash
868,44,37,2021-05-01 00:45:00,2021-05-01 01:57:00,Station,Station,46.34,Card
869,58,46,2021-07-28 06:55:00,2021-07-28 07:34:00,Station,Station,32.36,Card
870,111,14,2022-09-07 06:52:00,2022-09-07 07:33:00,Airport,Station,74.04,Card
871,105,10,2021-01-30 09:16:00,2021-01-30 09:51:00,Airport,Mall,63.68,Wallet
872,176,42,2022-04-15 02:00:00,2022-04-15 03:05:00,Mall,Station,17.65,Wallet
873,55,46,2022-01-28 22:27:00,2022-01-28 23:48:00,Downtown,Suburbs,29.34,Card
874,14,22,2023-08-12 07:30:00,2023-08-12 08:20:00,Suburbs,Downtown,99.69,Card
875,65,33,2022-09-27 12:19:00,2022-09-27 13:14:00,Airport,Suburbs,68.77,Card
876,149,12,2021-09-24 05:32:00,2021-09-24 06:40:00,Station,Airport,93.38,Card
877,82,46,2022-06-28 13:09:00,2022-06-28 13:47:00,Downtown,Airport,16.1,Cash
878,72,48,2022-01-05 13:18:00,2022-01-05 13:56:00,Mall,Suburbs,63.23,Cash
879,112,11,2021-11-20 23:31:00,2021-11-20 23:55:00,Station,Downtown,57.79,Card
880,39,4,2021-08-24 05:02:00,2021-08-24 06:07:00,Station,Station,29.72,Card
881,127,3,2022-03-29 11:45:00,2022-03-29 13:01:00,Station,Downtown,51.09,Wallet
882,38,8,2021-12-24 02:13:00,2021-12-24 02:54:00,Airport,Suburbs,22.16,Cash
883,145,43,2022-08-23 06:37:00,2022-08-23 06:42:00,Suburbs,Airport,54.97,Cash
884,20,16,2023-02-26 15:43:00,2023-02-26 16:00:00,Downtown,Mall,89.3,Wallet
885,175,8,2022-02-08 11:37:00,2022-02-08 11:55:00,Airport,Downtown,84.51,Card
886,118,46,2022-11-07 15:29:00,2022-11-07 16:54:00,Suburbs,Downtown,95.74,Cash
887,12,42,2022-09-30 14:20:00,2022-09-30 15:37:00,Downtown,Mall,17.29,Cash
888,15,48,2021-03-14 17:38:00,2021-03-14 18:31:00,Mall,Airport,13.79,Card
889,198,26,2021-04-02 00:54:00,2021-04-02 01:25:00,Station,Mall,20.48,Wallet
890,193,42,2021-06-07 03:19:00,2021-06-07 04:26:00,Mall,Suburbs,81.1,Card
891,92,43,2021-04-09 11:32:00,2021-04-09 12:02:00,Station,Station,51.51,Cash
892,145,39,2022-03-10 02:48:00,2022-03-10 03:47:00,Suburbs,Airport,82.04,Cash
893,162,28,2021-04-06 01:32:00,2021-04-06 02:20:00,Airport,Airport,97.46,Cash
894,135,41,2022-10-25 16:05:00,2022-10-25 16:47:00,Downtown,Station,49.48,Cash
895,39,9,2022-12-02 09:53:00,2022-12-02 10:29:00,Mall,Suburbs,54.69,Card
896,142,5,2023-07-29 01:32:00,2023-07-29 01:50:00,Station,Downtown,53.51,Cash
897,170,47,2022-08-06 08:22:00,2022-08-06 08:59:00,Suburbs,Downtown,60.63,Card
898,190,43,2022-04-19 05:50:00,2022-04-19 06:18:00,Downtown,Downtown,85.08,Cash
899,181,20,2021-11-18 18:46:00,2021-11-18 19:49:00,Station,Suburbs,76.95,Cash
900,88,12,2021-08-05 05:05:00,2021-08-05 06:27:00,Downtown,Station,29.64,Wallet
901,5,1,2022-02-09 03:00:00,2022-02-09 03:26:00,Station,Station,67.3,Wallet
902,191,39,2023-01-14 15:19:00,2023-01-14 16:43:00,Suburbs,Mall,82.25,Wallet
903,173,45,2022-11-23 12:51:00,2022-11-23 13:34:00,Airport,Downtown,13.33,Card
904,29,2,2022-12-14 06:54:00,2022-12-14 07:02:00,Airport,Airport,24.88,Cash
905,161,35,2021-07-15 02:19:00,2021-07-15 03:23:00,Station,Downtown,19.08,Card
906,43,10,2023-01-27 22:28:00,2023-01-27 23:35:00,Station,Suburbs,49.79,Card
907,52,19,2022-08-07 12:03:00,2022-08-07 12:50:00,Station,Station,5.75,Cash
908,189,38,2022-09-03 23:35:00,2022-09-04 00:17:00,Station,Station,8.52,Wallet
909,152,47,2022-09-19 21:57:00,2022-09-19 23:04:00,Downtown,Suburbs,27.03,Card
910,109,37,2021-11-20 17:04:00,2021-11-20 17:43:00,Station,Station,89.82,Card
911,127,40,2023-08-20 20:22:00,2023-08-20 21:24:00,Downtown,Airport,71.26,Cash
912,186,13,2022-04-26 11:28:00,2022-04-26 12:02:00,Suburbs,Mall,53.23,Wallet
913,184,43,2022-04-25 04:56:00,2022-04-25 05:38:00,Station,Station,73.68,Wallet
914,168,48,2022-01-04 15:51:00,2022-01-04 16:16:00,Mall,Downtown,64.08,Wallet
915,124,9,2021-06-27 06:10:00,2021-06-27 07:32:00,Station,Station,51.76,Cash
916,61,14,2022-07-25 01:01:00,2022-07-25 01:51:00,Mall,Airport,88.69,Card
917,129,3,2023-04-07 02:21:00,2023-04-07 03:21:00,Airport,Downtown,15.83,Wallet
918,58,32,2021-09-22 10:50:00,2021-09-22 11:40:00,Suburbs,Mall,78.09,Card
919,177,33,2022-09-11 21:06:00,2022-09-11 21:17:00,Station,Station,93.03,Card
920,28,40,2022-09-17 03:52:00,2022-09-17 05:08:00,Downtown,Airport,8.99,Wallet
921,31,14,2023-07-22 11:10:00,2023-07-22 11:52:00,Suburbs,Station,72.28,Wallet
922,26,10,2022-10-25 11:21:00,2022-10-25 11:43:00,Airport,Station,16.68,Cash
923,197,50,2021-01-07 07:53:00,2021-01-07 08:58:00,Suburbs,Airport,37.43,Card
924,69,24,2023-01-03 13:23:00,2023-01-03 14:48:00,Airport,Suburbs,68.17,Cash
925,59,9,2023-04-02 13:26:00,2023-04-02 14:23:00,Suburbs,Mall,90.32,Card
926,114,10,2023-02-28 00:45:00,2023-02-28 01:56:00,Downtown,Mall,94.65,Cash
927,103,50,2021-06-18 13:03:00,2021-06-18 13:58:00,Airport,Suburbs,77.12,Card
928,162,46,2023-03-30 21:56:00,2023-03-30 23:07:00,Station,Station,97.4,Wallet
929,180,36,2023-06-14 09:46:00,2023-06-14 10:31:00,Downtown,Mall,91.38,Wallet
930,157,10,2022-12-19 12:28:00,2022-12-19 13:55:00,Suburbs,Suburbs,24.49,Wallet
931,167,29,2022-12-16 11:56:00,2022-12-16 13:24:00,Airport,Mall,43.43,Card
932,10,35,2021-12-09 12:46:00,2021-12-09 13:07:00,Suburbs,Mall,54.44,Card
933,24,33,2022-07-20 09:33:00,2022-07-20 10:21:00,Airport,Downtown,76.92,Card
934,139,38,2021-09-22 07:53:00,2021-09-22 08:36:00,Suburbs,Downtown,74.02,Wallet
935,16,24,2021-09-23 20:32:00,2021-09-23 21:22:00,Downtown,Station,16.76,Cash
936,147,48,2021-01-06 14:21:00,2021-01-06 14:56:00,Suburbs,Suburbs,81.51,Wallet
937,161,43,2022-07-01 19:14:00,2022-07-01 20:03:00,Suburbs,Airport,33.42,Wallet
938,97,34,2023-01-26 07:06:00,2023-01-26 07:52:00,Airport,Mall,54.06,Cash
939,26,10,2022-12-30 13:53:00,2022-12-30 14:50:00,Downtown,Station,12.78,Card
940,122,14,2022-04-02 02:23:00,2022-04-02 03:35:00,Suburbs,Suburbs,43.26,Cash
941,68,38,2022-05-26 20:27:00,2022-05-26 21:28:00,Station,Station,70.46,Card
942,37,33,2021-05-11 15:45:00,2021-05-11 16:48:00,Suburbs,Suburbs,17.29,Card
943,178,14,2022-04-12 15:02:00,2022-04-12 15:27:00,Mall,Downtown,94.69,Wallet
944,105,8,2021-05-04 11:36:00,2021-05-04 12:18:00,Airport,Downtown,8.83,Cash
945,79,24,2021-11-07 09:31:00,2021-11-07 09:39:00,Airport,Suburbs,80.16,Cash
946,13,20,2023-06-30 09:13:00,2023-06-30 09:41:00,Station,Downtown,82.82,Card
947,141,23,2021-03-11 01:26:00,2021-03-11 02:32:00,Suburbs,Station,59.44,Cash
948,97,31,2023-05-05 23:53:00,2023-05-06 01:15:00,Airport,Suburbs,17.62,Wallet
949,118,49,2022-04-06 21:28:00,2022-04-06 21:52:00,Mall,Downtown,87.3,Wallet
950,171,40,2022-02-24 12:14:00,2022-02-24 13:09:00,Downtown,Station,37.2,Wallet
951,72,42,2021-04-01 05:45:00,2021-04-01 05:53:00,Mall,Suburbs,59.34,Wallet
952,32,42,2022-07-27 02:12:00,2022-07-27 03:36:00,Downtown,Suburbs,56.47,Wallet
953,49,49,2022-05-03 16:57:00,2022-05-03 17:04:00,Suburbs,Airport,16.43,Card
954,71,14,2021-09-09 22:53:00,2021-09-10 00:12:00,Suburbs,Suburbs,47.2,Cash
955,103,38,2021-02-16 15:55:00,2021-02-16 16:02:00,Airport,Station,37.3,Card
956,136,21,2022-01-27 08:05:00,2022-01-27 08:24:00,Suburbs,Airport,98.08,Cash
957,37,12,2021-09-19 02:09:00,2021-09-19 02:53:00,Airport,Downtown,95.46,Wallet
958,84,12,2021-01-28 22:03:00,2021-01-28 22:46:00,Mall,Airport,42.04,Cash
959,83,17,2022-01-20 03:03:00,2022-01-20 03:33:00,Suburbs,Suburbs,27.76,Card
960,127,33,2023-02-10 16:24:00,2023-02-10 16:43:00,Mall,Station,30.58,Wallet
961,105,5,2022-05-11 00:26:00,2022-05-11 01:52:00,Downtown,Mall,27.21,Wallet
962,151,44,2021-04-14 07:48:00,2021-04-14 09:04:00,Airport,Mall,66.9,Wallet
963,105,29,2021-03-27 20:32:00,2021-03-27 21:03:00,Airport,Mall,79.37,Wallet
964,44,16,2022-07-05 13:58:00,2022-07-05 15:14:00,Downtown,Station,47.92,Wallet
965,75,42,2023-09-23 05:00:00,2023-09-23 05:12:00,Station,Mall,93.68,Wallet
966,65,44,2022-01-25 11:53:00,2022-01-25 13:18:00,Suburbs,Mall,25.21,Card
967,42,48,2022-07-01 18:04:00,2022-07-01 18:47:00,Downtown,Airport,13.52,Wallet
968,143,18,2023-06-19 13:13:00,2023-06-19 14:36:00,Mall,Mall,52.96,Wallet
969,67,49,2022-12-26 14:17:00,2022-12-26 14:53:00,Mall,Mall,67.92,Card
970,118,39,2021-12-03 00:58:00,2021-12-03 01:20:00,Downtown,Suburbs,66.41,Cash
971,2,1,2022-11-20 05:26:00,2022-11-20 06:42:00,Station,Station,90.05,Wallet
972,21,42,2022-10-29 02:34:00,2022-10-29 02:42:00,Station,Downtown,89.79,Cash
973,97,39,2022-01-02 12:11:00,2022-01-02 12:17:00,Mall,Airport,16.85,Cash
974,3,15,2023-01-31 00:48:00,2023-01-31 01:28:00,Mall,Airport,69.65,Card
975,158,41,2021-11-07 22:14:00,2021-11-07 22:48:00,Mall,Downtown,98.11,Cash
976,127,46,2022-12-25 19:13:00,2022-12-25 19:18:00,Station,Downtown,23.63,Cash
977,146,33,2022-05-21 05:35:00,2022-05-21 06:04:00,Suburbs,Suburbs,67.68,Wallet
978,45,5,2022-08-26 04:47:00,2022-08-26 05:00:00,Suburbs,Airport,17.11,Wallet
979,187,18,2021-07-16 21:01:00,2021-07-16 22:14:00,Suburbs,Station,63.37,Card
980,110,42,2022-11-21 20:03:00,2022-11-21 20:49:00,Station,Mall,46.09,Card
981,175,34,2022-04-23 15:23:00,2022-04-23 16:34:00,Airport,Downtown,77.11,Cash
982,108,35,2022-04-05 10:00:00,2022-04-05 10:55:00,Downtown,Suburbs,23.49,Card
983,189,15,2022-12-08 13:04:00,2022-12-08 13:40:00,Mall,Mall,23.7,Card
984,161,41,2021-04-10 00:30:00,2021-04-10 01:30:00,Suburbs,Mall,81.77,Cash
985,64,7,2022-04-30 07:21:00,2022-04-30 07:32:00,Suburbs,Airport,83.06,Card
986,199,39,2022-09-27 14:48:00,2022-09-27 15:05:00,Suburbs,Downtown,64.41,Card
987,16,3,2022-01-22 10:56:00,2022-01-22 11:09:00,Downtown,Station,79.35,Card
988,78,40,2022-10-04 13:04:00,2022-10-04 13:22:00,Suburbs,Downtown,69.37,Cash
989,98,26,2021-04-09 19:48:00,2021-04-09 20:45:00,Suburbs,Suburbs,27.15,Card
990,117,25,2022-04-21 13:56:00,2022-04-21 15:20:00,Mall,Downtown,63.83,Cash
991,133,22,2022-08-25 06:06:00,2022-08-25 06:24:00,Downtown,Suburbs,6.17,Card
992,147,9,2022-10-15 16:16:00,2022-10-15 17:06:00,Suburbs,Station,45.0,Card
993,63,9,2023-03-28 01:03:00,2023-03-28 01:24:00,Station,Suburbs,34.61,Wallet
994,194,23,2021-11-15 18:56:00,2021-11-15 20:10:00,Airport,Station,78.67,Cash
995,155,22,2021-10-26 11:00:00,2021-10-26 12:11:00,Airport,Downtown,60.71,Card
996,130,36,2023-05-30 01:27:00,2023-05-30 02:16:00,Airport,Airport,23.56,Card
997,88,13,2022-11-15 15:44:00,2022-11-15 16:48:00,Mall,Suburbs,61.98,Wallet
998,86,40,2021-11-03 13:21:00,2021-11-03 13:46:00,Downtown,Station,14.96,Card
999,1,41,2021-08-17 22:14:00,2021-08-17 23:18:00,Airport,Station,64.27,Wallet
1000,197,22,2023-04-07 23:24:00,2023-04-07 23:55:00,Downtown,Mall,43.03,Card
